mean_fit_time,std_fit_time,mean_score_time,std_score_time,param_bootstrap,param_max_depth,param_min_samples_leaf,param_min_samples_split,param_n_estimators,params,split0_test_score,split1_test_score,split2_test_score,split3_test_score,split4_test_score,split5_test_score,split6_test_score,split7_test_score,split8_test_score,split9_test_score,mean_test_score,std_test_score,rank_test_score,test_mse
0.011582493782043457,0.0020797184741291855,0.0010773420333862304,0.001052129617323123,True,10,4,5,10,"{'bootstrap': True, 'max_depth': 10, 'min_samples_leaf': 4, 'min_samples_split': 5, 'n_estimators': 10}",-3.4273894621226098,-3.9434075518823986,-2.82660489949887,-2.8164457275852413,-1.7167119566637667,-3.260560433818446,-3.2713203978647876,-0.1752926361025036,-0.777668017474948,-1.7597826710118027,-2.3975183754025373,1.1726381099374912,1,2.4757954934792754
0.014481139183044434,0.0029371464029790658,0.0007529020309448242,2.3472415062668627e-05,True,10,2,2,10,"{'bootstrap': True, 'max_depth': 10, 'min_samples_leaf': 2, 'min_samples_split': 2, 'n_estimators': 10}",-3.4341993543489466,-6.1738319322790876,-2.0601785583319763,-2.9554973679454655,-1.5488537010891814,-2.6270882800984525,-2.219300252527937,-0.28768695914423986,-0.5281660248677164,-2.214735897939002,-2.4049538328572004,1.5666463991412491,2,2.4757954934792754
0.013075804710388184,0.0009666737223350576,0.0007436037063598633,1.7203664160532213e-05,True,50,2,5,10,"{'bootstrap': True, 'max_depth': 50, 'min_samples_leaf': 2, 'min_samples_split': 5, 'n_estimators': 10}",-4.014826844924392,-7.467991446670338,-1.7686474269007542,-2.528180361224704,-1.731107723813509,-1.6264769701094977,-1.9814932490855757,-0.23484691723108506,-1.1545888534676345,-1.5834843002820962,-2.409164409370958,1.9191908918675653,3,2.4757954934792754
0.01199190616607666,0.0010328018488304416,0.0007506370544433594,2.210622413898676e-05,True,50,2,10,10,"{'bootstrap': True, 'max_depth': 50, 'min_samples_leaf': 2, 'min_samples_split': 10, 'n_estimators': 10}",-4.161842584368361,-5.584054070890119,-1.4631852983531193,-3.6106671679803646,-1.9873506651928743,-2.5811507521315233,-2.1015895068418704,-0.47115687783884175,-0.7688473399651684,-1.4646019800332037,-2.419444624359545,1.5208567847787176,4,2.4757954934792754
0.012481760978698731,0.0028606509027373243,0.0010679006576538087,0.0007959459732557976,True,,4,2,10,"{'bootstrap': True, 'max_depth': None, 'min_samples_leaf': 4, 'min_samples_split': 2, 'n_estimators': 10}",-3.865353136311106,-5.230506940514809,-2.419084767438736,-2.092006767825327,-2.0367045577721723,-3.047572708940569,-2.2828983100083033,-0.149071275090775,-1.2092140681861416,-2.0704588154281063,-2.4402871347516046,1.3189510351567764,5,2.4757954934792754
0.01118929386138916,0.001298541055710605,0.0007304906845092774,1.7673057606998658e-05,True,50,4,5,10,"{'bootstrap': True, 'max_depth': 50, 'min_samples_leaf': 4, 'min_samples_split': 5, 'n_estimators': 10}",-4.216671307871909,-4.725761827657825,-2.335298797570735,-3.146188023090798,-1.753723036597586,-2.699592212617741,-2.1911325470510774,-0.5764517689462302,-0.8485678076039096,-2.0668098635290497,-2.4560197192536863,1.2503361199131073,6,2.4757954934792754
0.010404610633850097,0.00022523128077390922,0.0007413148880004883,4.3158116042033176e-05,True,50,4,10,10,"{'bootstrap': True, 'max_depth': 50, 'min_samples_leaf': 4, 'min_samples_split': 10, 'n_estimators': 10}",-4.589640953112832,-4.445631389787535,-2.760983681130136,-2.596803087781906,-2.731218852815054,-3.1078648926193684,-2.145308664234393,-0.0520877005028986,-0.4355520801755579,-1.7462499189441882,-2.4611341221103866,1.3994850991155168,7,2.4757954934792754
0.07031338214874268,0.008209022500366484,0.002317214012145996,4.4036686058648134e-05,True,10,2,2,50,"{'bootstrap': True, 'max_depth': 10, 'min_samples_leaf': 2, 'min_samples_split': 2, 'n_estimators': 50}",-3.5345620268928144,-6.798165992738753,-1.4114745561015933,-2.8761380613679486,-1.9634125441188781,-2.6877954346918504,-2.1900798173000426,-0.11166167758892874,-0.4444053946739202,-2.676481635002999,-2.469417714047773,1.7675288638007838,8,2.4757954934792754
0.05877108573913574,0.0061646629841284675,0.003110957145690918,0.0016041919534167946,True,,4,5,50,"{'bootstrap': True, 'max_depth': None, 'min_samples_leaf': 4, 'min_samples_split': 5, 'n_estimators': 50}",-4.339027680806201,-4.489675196083486,-2.6250384712730663,-3.21445358677178,-1.7399321381093407,-2.475846048871873,-2.787352532578107,-0.19386832634724085,-0.8500588690520483,-2.017888420712874,-2.473314127060602,1.2959022354406016,9,2.4757954934792754
0.0715667724609375,0.005252892687449515,0.0027716636657714845,0.0011296502934633528,True,50,2,2,50,"{'bootstrap': True, 'max_depth': 50, 'min_samples_leaf': 2, 'min_samples_split': 2, 'n_estimators': 50}",-3.6229282526814552,-6.302069318849354,-1.4562956153131281,-2.8491127618497463,-1.9137316758499923,-2.853753891748069,-2.4867281143319047,-0.21536717852380863,-0.4112164397421723,-2.9504021249563546,-2.5061605373845985,1.6486956201315839,10,2.4757954934792754
0.013419866561889648,0.0014444311457180988,0.0007547855377197266,2.340362240599133e-05,True,,2,5,10,"{'bootstrap': True, 'max_depth': None, 'min_samples_leaf': 2, 'min_samples_split': 5, 'n_estimators': 10}",-3.455087385698247,-7.380565068670829,-1.6714162857880215,-3.15289400990867,-2.4744712504916917,-2.2482489438883255,-1.9499258247955134,-0.17629674489529779,-0.7130236547431202,-2.0429701027992846,-2.5264899271679,1.8709965583567212,11,2.4757954934792754
0.01597154140472412,0.005784840899350378,0.0007444620132446289,3.495012260451809e-05,True,50,2,2,10,"{'bootstrap': True, 'max_depth': 50, 'min_samples_leaf': 2, 'min_samples_split': 2, 'n_estimators': 10}",-3.4093028506651626,-6.499922325727068,-2.010389657484624,-3.179885657404881,-2.1274444087463817,-2.0480277905473607,-2.822019462979141,-0.19401145225079605,-0.8159987076412419,-2.1770354817513042,-2.5284037795197962,1.619401989319011,12,2.4757954934792754
0.14149174690246583,0.00939101776443547,0.004882526397705078,0.0014163770388175472,True,10,2,2,100,"{'bootstrap': True, 'max_depth': 10, 'min_samples_leaf': 2, 'min_samples_split': 2, 'n_estimators': 100}",-3.4071221731470884,-6.7614028694770285,-1.3931381029102956,-2.831056766407162,-1.6763348618196572,-3.0725805873234857,-2.4513869938018558,-0.21034999014449718,-0.4827715377938873,-3.0674021296626055,-2.5353546012487564,1.7591747054467595,13,2.4757954934792754
0.32015807628631593,0.015558405855944838,0.009774541854858399,3.537543651520381e-05,True,50,2,5,250,"{'bootstrap': True, 'max_depth': 50, 'min_samples_leaf': 2, 'min_samples_split': 5, 'n_estimators': 250}",-3.8821686024162605,-6.57089786207407,-1.4786169737089612,-3.09746305059207,-1.7882216690029153,-2.739770264622402,-2.2927269005054884,-0.18334061137888222,-0.5990907164777551,-2.7410554609624262,-2.537335211174123,1.7179755680627125,14,2.4757954934792754
0.2848628520965576,0.014086090440977889,0.010530495643615722,0.0019467178076385426,True,,4,2,250,"{'bootstrap': True, 'max_depth': None, 'min_samples_leaf': 4, 'min_samples_split': 2, 'n_estimators': 250}",-4.29887703552287,-4.937737839392047,-2.3468582457962293,-3.1694504616890216,-2.0066946137319355,-2.991174346329743,-2.617760386468445,-0.09910977286902332,-0.8140083725665496,-2.1658355889004945,-2.544750666326636,1.3728471114473662,15,2.4757954934792754
0.07149970531463623,0.01402337904288173,0.0024019718170166016,0.0002999301972561234,True,50,2,5,50,"{'bootstrap': True, 'max_depth': 50, 'min_samples_leaf': 2, 'min_samples_split': 5, 'n_estimators': 50}",-3.652925469064716,-7.194942830530735,-1.353017463768526,-2.965379158691903,-2.172086375249355,-3.1639694554612894,-2.170425757873486,-0.1166251403889053,-0.3582061837578317,-2.360713515316444,-2.550829135010319,1.892675227580439,16,2.4757954934792754
0.0673283576965332,0.006944182509782034,0.002272796630859375,2.0586115496569857e-05,True,10,2,5,50,"{'bootstrap': True, 'max_depth': 10, 'min_samples_leaf': 2, 'min_samples_split': 5, 'n_estimators': 50}",-3.7282862869231637,-6.738303594606711,-1.3988164536364647,-2.9251114527853725,-2.2223253172950863,-2.922415005278761,-1.9792714416835375,-0.1364188363412934,-0.4763674189336177,-3.0132066090541794,-2.5540522416538183,1.7693980537451568,17,2.4757954934792754
0.03362727165222168,0.0034489989690874943,0.001335740089416504,1.4319511956964514e-05,True,10,2,2,25,"{'bootstrap': True, 'max_depth': 10, 'min_samples_leaf': 2, 'min_samples_split': 2, 'n_estimators': 25}",-3.060484162183574,-6.398035751811657,-1.1786320327154147,-2.9106682273006053,-1.7066312305769424,-2.9376811768066933,-2.7060772402883058,-0.3483653394618062,-0.6055806466171618,-3.7832456921500124,-2.563540149991217,1.6766530935421722,18,2.4757954934792754
0.03043198585510254,0.00465245106722895,0.0013262510299682617,2.236591207827374e-05,True,50,2,10,25,"{'bootstrap': True, 'max_depth': 50, 'min_samples_leaf': 2, 'min_samples_split': 10, 'n_estimators': 25}",-4.485065255154297,-6.151217197624357,-1.2956365366682134,-2.872805730495585,-1.8060732624352926,-2.7533058154689747,-2.5533857420804886,-0.0995632536186849,-0.8359402939413996,-2.8094177494193975,-2.566241083690669,1.6731092778817167,19,2.4757954934792754
0.3426772117614746,0.017518953900992368,0.010821008682250976,0.0023561958898706365,True,10,2,2,250,"{'bootstrap': True, 'max_depth': 10, 'min_samples_leaf': 2, 'min_samples_split': 2, 'n_estimators': 250}",-3.460622857292641,-6.841846419255286,-1.4476873550801044,-3.063744232958117,-1.8566624144594854,-2.7912431986979,-2.3312410592416777,-0.13867078984618345,-0.691008905421798,-3.0985723726706342,-2.5721299604923824,1.757309519901225,20,2.4757954934792754
0.012077641487121583,0.0018563043021018345,0.0007670164108276367,4.1174198337019364e-05,True,50,4,2,10,"{'bootstrap': True, 'max_depth': 50, 'min_samples_leaf': 4, 'min_samples_split': 2, 'n_estimators': 10}",-3.947787129527035,-4.853967105444782,-3.0493578212354353,-2.404862675143454,-1.8419588142704069,-3.408040238491589,-3.3671727743123863,-0.09403590573209575,-0.7171619794232765,-2.0449852790849854,-2.572932972266545,1.3812551745406016,21,2.4757954934792754
0.012421369552612305,0.003015104205613451,0.0008663654327392579,0.0004192775715999934,True,10,4,10,10,"{'bootstrap': True, 'max_depth': 10, 'min_samples_leaf': 4, 'min_samples_split': 10, 'n_estimators': 10}",-4.27395905775571,-3.968239876640967,-2.2352850288872843,-3.432322434288138,-3.0218666617395904,-3.6231877154505896,-2.7777288726443516,-0.18221963569918712,-0.6892246050638705,-1.5700009910068708,-2.577403487917656,1.3156361769193463,22,2.4757954934792754
0.02726309299468994,0.003612759054701555,0.0013137578964233399,3.0074412911640044e-05,True,10,4,5,25,"{'bootstrap': True, 'max_depth': 10, 'min_samples_leaf': 4, 'min_samples_split': 5, 'n_estimators': 25}",-4.7472538940339035,-5.054955420688137,-2.849314836419527,-3.1913928161473533,-1.7343196356771402,-2.8675474352584356,-2.426938130461156,-0.14046689749823327,-0.9486636333752608,-1.8394179838183196,-2.5800270683377464,1.4577741247882587,23,2.4757954934792754
0.144187331199646,0.013051330338298998,0.004653668403625489,0.0013319660769675814,True,50,2,2,100,"{'bootstrap': True, 'max_depth': 50, 'min_samples_leaf': 2, 'min_samples_split': 2, 'n_estimators': 100}",-3.5809993690852013,-6.6532684425341575,-1.4511047479941064,-3.0057505735736103,-1.975876676484888,-2.9936017716911802,-2.3477768096780713,-0.16947271380739268,-0.41183466528050294,-3.2150160410033926,-2.5804701811132498,1.7479693500237603,24,2.4757954934792754
0.06285526752471923,0.009018789421906249,0.004254937171936035,0.0031965614238969636,True,10,4,5,50,"{'bootstrap': True, 'max_depth': 10, 'min_samples_leaf': 4, 'min_samples_split': 5, 'n_estimators': 50}",-4.2841438971886125,-4.515495240515771,-2.3652502147149974,-3.0860843415145838,-2.477721958057075,-2.8853638934878987,-2.8002215119385974,-0.16756330610118372,-0.9964151934854785,-2.2516763069216577,-2.5829935863925853,1.246595001287735,25,2.4757954934792754
0.1351853370666504,0.006457480867163131,0.004582023620605469,0.0008193364500624874,True,,2,2,100,"{'bootstrap': True, 'max_depth': None, 'min_samples_leaf': 2, 'min_samples_split': 2, 'n_estimators': 100}",-3.7871233020956336,-7.090390650783192,-1.4514961471112564,-2.8648681288543587,-1.930555556887061,-2.637157202450346,-2.6157596415533564,-0.20650389926252588,-0.43310670384814925,-2.8390044058611874,-2.585596563870707,1.8409554503209558,26,2.4757954934792754
0.27286577224731445,0.010452031086373204,0.011066555976867676,0.0028121881984294285,True,50,4,5,250,"{'bootstrap': True, 'max_depth': 50, 'min_samples_leaf': 4, 'min_samples_split': 5, 'n_estimators': 250}",-4.574418974752331,-4.921420735746812,-2.5682137624330883,-3.169641034658167,-2.004017518282983,-2.748473761459089,-2.750751948303897,-0.15007108450115084,-0.8943443058473542,-2.091516953768809,-2.5872870079753687,1.3849600486797549,27,2.4757954934792754
0.2732409954071045,0.0170313609579628,0.011453390121459961,0.002732446806304375,True,,4,5,250,"{'bootstrap': True, 'max_depth': None, 'min_samples_leaf': 4, 'min_samples_split': 5, 'n_estimators': 250}",-4.579217973119278,-4.953553695833017,-2.6020431141194993,-2.984121787179143,-2.075974728163914,-2.9154178379298545,-2.723005181703307,-0.16059136550281117,-0.8457751900719446,-2.040631825340709,-2.5880332698963477,1.3904234454681865,28,2.4757954934792754
0.1089569091796875,0.00888793112737613,0.004140448570251465,5.0404648030730016e-05,True,10,4,5,100,"{'bootstrap': True, 'max_depth': 10, 'min_samples_leaf': 4, 'min_samples_split': 5, 'n_estimators': 100}",-4.814279226399628,-4.779128713909672,-2.5297225239548347,-2.9402200104199343,-1.9739760757958769,-2.8179976810161023,-2.8322517885873832,-0.1197298626194923,-0.8174068848490484,-2.263044543214711,-2.588775731076668,1.4038286991502982,29,2.4757954934792754
0.06064462661743164,0.00701765405039674,0.002693653106689453,0.0012641950587367534,True,10,2,10,50,"{'bootstrap': True, 'max_depth': 10, 'min_samples_leaf': 2, 'min_samples_split': 10, 'n_estimators': 50}",-4.582684621489827,-6.571036781722985,-1.4782727324366771,-3.1119077149735603,-1.6652722874916372,-3.016115894714265,-2.328336291419076,-0.13277993072195218,-0.5777445634147923,-2.434819483882166,-2.5898970302266937,1.803998845078009,30,2.4757954934792754
0.13490827083587648,0.01123630148487668,0.004645657539367676,0.0013898792199409644,True,50,2,5,100,"{'bootstrap': True, 'max_depth': 50, 'min_samples_leaf': 2, 'min_samples_split': 5, 'n_estimators': 100}",-3.880962730214025,-6.6806288083679055,-1.5027115725136149,-3.318044612794989,-1.846859300505409,-2.666043685705194,-1.9632326059350882,-0.15895656069264863,-0.5165929620183575,-3.3830297711687933,-2.591706260991603,1.7860797312187942,31,2.4757954934792754
0.1180309534072876,0.007138811382160953,0.005188512802124024,0.0025886378200306866,True,10,4,2,100,"{'bootstrap': True, 'max_depth': 10, 'min_samples_leaf': 4, 'min_samples_split': 2, 'n_estimators': 100}",-4.571789414283747,-5.095293685814299,-2.5211592167424044,-3.223869425859263,-2.0160737857909834,-2.874959550244501,-2.858542029326854,-0.0820668492417637,-0.6460220464065296,-2.035729623850059,-2.5925505627560406,1.4652355739701681,32,2.4757954934792754
0.11305158138275147,0.010931585292276407,0.005661535263061524,0.003019957863679597,True,,4,10,100,"{'bootstrap': True, 'max_depth': None, 'min_samples_leaf': 4, 'min_samples_split': 10, 'n_estimators': 100}",-4.973025254641063,-4.879381643571613,-2.449242409224985,-2.9194748514579456,-1.7596244316677396,-3.366662485510675,-2.5810951279625924,-0.19029393003051207,-0.7826273016965368,-2.0325207362338213,-2.5933948171997483,1.4723146648534329,33,2.4757954934792754
0.11088690757751465,0.007299310148116968,0.004734587669372558,0.001688878292899179,True,,4,5,100,"{'bootstrap': True, 'max_depth': None, 'min_samples_leaf': 4, 'min_samples_split': 5, 'n_estimators': 100}",-4.897177023152054,-5.104677118377337,-2.5535277333955233,-3.1055566257406793,-1.8526942774338144,-2.735543457331179,-2.6562805040919284,-0.13750809075240153,-0.8904044149466611,-2.0492471881313437,-2.5982616433352925,1.4723472481669102,34,2.4757954934792754
0.06009809970855713,0.009544896869749324,0.0030399560928344727,0.0022460753943922044,True,,4,2,50,"{'bootstrap': True, 'max_depth': None, 'min_samples_leaf': 4, 'min_samples_split': 2, 'n_estimators': 50}",-4.741829777792434,-5.122910303900054,-2.7487717842635413,-3.1401140865561565,-1.8291518150718982,-3.0724210193327135,-2.4671597795674227,-0.09007141812745227,-1.0019897364678576,-1.8133301320607265,-2.602774985314026,1.4687938351203396,35,2.4757954934792754
0.2823941707611084,0.014778903909967507,0.010733222961425782,0.0025478076020253484,True,10,4,5,250,"{'bootstrap': True, 'max_depth': 10, 'min_samples_leaf': 4, 'min_samples_split': 5, 'n_estimators': 250}",-4.365630605483132,-5.027746425356081,-2.574278446603902,-3.1114185131474903,-1.917616409423979,-3.001393209077404,-2.8741198819274523,-0.14000148356635575,-0.9825954665837794,-2.0566968003238912,-2.6051497241493466,1.3761549154494592,36,2.4757954934792754
0.07078685760498046,0.004999983019304905,0.0022907018661499023,1.9395743397161266e-05,True,,2,5,50,"{'bootstrap': True, 'max_depth': None, 'min_samples_leaf': 2, 'min_samples_split': 5, 'n_estimators': 50}",-3.873200093624637,-6.693253238950779,-1.6106469118172313,-3.0345636304824906,-1.7540540566294247,-2.8005768408038563,-2.271242353766542,-0.18303210606944054,-0.40313782284277355,-3.4416154719520544,-2.6065322526939227,1.7827840576424925,37,2.4757954934792754
0.32995502948760985,0.028622069953726306,0.010206103324890137,0.0012284912124315103,True,10,2,5,250,"{'bootstrap': True, 'max_depth': 10, 'min_samples_leaf': 2, 'min_samples_split': 5, 'n_estimators': 250}",-3.698338109350616,-6.7156920596383065,-1.3666985931975277,-3.1375522074554887,-1.7481592706061193,-2.9009824216826448,-2.365980358695079,-0.19448590199817284,-0.5714779825754255,-3.38007969507154,-2.6079446600270924,1.7701848353268341,38,2.4757954934792754
0.06068675518035889,0.008243389565896651,0.0027807950973510742,0.0015177975096260172,True,50,4,5,50,"{'bootstrap': True, 'max_depth': 50, 'min_samples_leaf': 4, 'min_samples_split': 5, 'n_estimators': 50}",-4.624744199751281,-5.148098873796942,-2.8214739515182083,-2.9855071958287347,-1.7251266359518345,-3.2576364396339392,-2.7080727747769733,-0.2066852084600764,-0.7208631360624423,-1.8983168696943482,-2.6096525285474774,1.4747939115655002,39,2.4757954934792754
0.0342327356338501,0.004787810110628713,0.0013494253158569335,3.128801269114082e-05,True,50,2,5,25,"{'bootstrap': True, 'max_depth': 50, 'min_samples_leaf': 2, 'min_samples_split': 5, 'n_estimators': 25}",-3.8989856826107574,-7.0636712522358795,-1.5198694822281555,-3.446090508159499,-2.548127351175062,-2.2119757316499853,-2.034145210327484,-0.20395255620001673,-0.4694707714748803,-2.704453014054755,-2.6100741560116476,1.8508866760311495,40,2.4757954934792754
0.03547205924987793,0.005169650834806238,0.0016556501388549805,0.0009168604372148219,True,10,2,5,25,"{'bootstrap': True, 'max_depth': 10, 'min_samples_leaf': 2, 'min_samples_split': 5, 'n_estimators': 25}",-3.479282349321989,-6.554427719561088,-1.662452140199002,-2.9254784980367,-2.1734973146805725,-2.9620077142242924,-2.13260711674959,-0.18136903065785323,-0.3150179185932579,-3.743133144000515,-2.6129272946024864,1.740775104023653,41,2.4757954934792754
0.05854675769805908,0.006505618822008842,0.0022779464721679687,1.4918298403658173e-05,True,10,4,2,50,"{'bootstrap': True, 'max_depth': 10, 'min_samples_leaf': 4, 'min_samples_split': 2, 'n_estimators': 50}",-4.503256126906188,-4.996984681276233,-2.5037837805750143,-3.1631963769745863,-1.8169170727672534,-3.4008637044641077,-2.7385483839034834,-0.18448682176677247,-0.7133615546193539,-2.114943685571042,-2.613634218882404,1.4351199814739888,42,2.4757954934792754
0.2739525079727173,0.012259257914991353,0.010399603843688964,0.0013236301262249195,True,50,4,2,250,"{'bootstrap': True, 'max_depth': 50, 'min_samples_leaf': 4, 'min_samples_split': 2, 'n_estimators': 250}",-4.494062069559938,-5.175957966920076,-2.8053786159482166,-3.081512352418063,-1.8745341981743033,-3.0204501818132585,-2.7201977281570167,-0.13956924831367704,-0.8488625555400863,-2.0049222836157163,-2.6165447200460354,1.4382688766402691,43,2.4757954934792754
0.030121445655822754,0.005313891062465894,0.0016523122787475586,0.0006691477949071547,True,50,4,2,25,"{'bootstrap': True, 'max_depth': 50, 'min_samples_leaf': 4, 'min_samples_split': 2, 'n_estimators': 25}",-4.808554485946638,-4.63547630708719,-2.6606325258447328,-2.960184368797364,-2.288230569314593,-2.909390704159584,-2.5242292434573654,-0.02726730989322676,-1.0983487265180447,-2.268150175943737,-2.6180464416962477,1.354020952465032,44,2.4757954934792754
0.12150065898895264,0.007823337531484884,0.004524993896484375,0.0009526244512079545,True,,2,10,100,"{'bootstrap': True, 'max_depth': None, 'min_samples_leaf': 2, 'min_samples_split': 10, 'n_estimators': 100}",-4.412707462434859,-6.867088252500965,-1.6122829519366582,-3.3596523356270596,-1.8522680022572118,-2.8289753694016255,-2.2581649988603782,-0.18273220247852548,-0.3520586843849635,-2.498218561244143,-2.622414882112639,1.862169436989016,45,2.4757954934792754
0.2867912292480469,0.009603589045438106,0.012509870529174804,0.004772673922337962,True,10,2,10,250,"{'bootstrap': True, 'max_depth': 10, 'min_samples_leaf': 2, 'min_samples_split': 10, 'n_estimators': 250}",-4.441001881743306,-6.716274317408199,-1.5508360257535136,-3.3002697092271025,-1.773828714812453,-2.9426937855147095,-2.236676157176455,-0.13376407360128031,-0.6443243897430985,-2.486052511268519,-2.622572156624863,1.8102763015068175,46,2.4757954934792754
0.05761873722076416,0.0061348023580789154,0.0023345470428466795,0.00018493573928067173,True,50,4,2,50,"{'bootstrap': True, 'max_depth': 50, 'min_samples_leaf': 4, 'min_samples_split': 2, 'n_estimators': 50}",-4.47242283367865,-5.148744204728952,-2.6100665382118358,-3.1777158278284254,-2.1881444512114268,-2.8036770431556732,-2.7045854123609927,-0.0653805255050452,-0.8508175757779748,-2.2531115673109903,-2.627466597976997,1.4196721846953404,47,2.4757954934792754
0.27904858589172366,0.028655177196279257,0.011581039428710938,0.0037508861493063214,True,10,4,2,250,"{'bootstrap': True, 'max_depth': 10, 'min_samples_leaf': 4, 'min_samples_split': 2, 'n_estimators': 250}",-4.620589843954012,-5.092939286892742,-2.609820602214574,-3.1399783337457747,-1.8799783673076949,-2.8869740239505464,-2.88981756150006,-0.11861708279088479,-0.911470996094149,-2.137831633589428,-2.628801773203987,1.4313517271463851,48,2.4757954934792754
0.14049036502838136,0.00870637059986317,0.005221152305603027,0.0018100859318605012,True,10,2,5,100,"{'bootstrap': True, 'max_depth': 10, 'min_samples_leaf': 2, 'min_samples_split': 5, 'n_estimators': 100}",-3.7022761124178323,-6.5770005799388604,-1.4906434058678468,-3.298189188526887,-1.9661168607953774,-2.961447901929557,-2.163262486196792,-0.15132073219424666,-0.5964331684489524,-3.384595628743749,-2.6291286065060104,1.7346554199969721,49,2.4757954934792754
0.3447192907333374,0.023486918717442996,0.010385918617248534,0.001218402938270576,True,50,2,2,250,"{'bootstrap': True, 'max_depth': 50, 'min_samples_leaf': 2, 'min_samples_split': 2, 'n_estimators': 250}",-3.585185809404134,-6.753187091827199,-1.524587800343,-3.0927023526897472,-1.9782798106509796,-3.0649731565300726,-2.3689551939240547,-0.20546183386657613,-0.587368592241417,-3.135565445550015,-2.6296267087027196,1.7417660571726732,50,2.4757954934792754
0.2669380664825439,0.018722052252140436,0.010576677322387696,0.0018381030298073337,True,10,4,10,250,"{'bootstrap': True, 'max_depth': 10, 'min_samples_leaf': 4, 'min_samples_split': 10, 'n_estimators': 250}",-4.721717930117947,-5.381599101793591,-2.718290555931553,-2.9841594829703184,-1.6935654535155875,-3.1322912187323553,-2.743997675545257,-0.10317314384141744,-0.8153925553180389,-2.008596726847628,-2.630278384461369,1.5259686323221848,51,2.4757954934792754
0.11807153224945069,0.012014838832039694,0.004166626930236816,4.95818306047301e-05,True,50,4,2,100,"{'bootstrap': True, 'max_depth': 50, 'min_samples_leaf': 4, 'min_samples_split': 2, 'n_estimators': 100}",-4.782975436903077,-4.7798358223150315,-2.6381856019754886,-3.2200023025296445,-1.8509830106462415,-2.964422609031,-2.9604315801204066,-0.14575622419047998,-0.9294027781029847,-2.03094917375905,-2.6302944539573407,1.4090960602571247,52,2.4757954934792754
0.06547346115112304,0.006394533072101921,0.0025018692016601563,0.0006665780996007044,True,,2,10,50,"{'bootstrap': True, 'max_depth': None, 'min_samples_leaf': 2, 'min_samples_split': 10, 'n_estimators': 50}",-4.502382085819121,-6.389289398726332,-1.4374253997668216,-3.177693842163976,-1.8461606059684514,-2.7929657815757944,-2.3669269881913517,-0.08498870320766604,-0.622481016676015,-3.1120800502103427,-2.633239387230587,1.7552764693746084,53,2.4757954934792754
0.029215478897094728,0.003236845928956121,0.0013733625411987305,9.237943432077377e-05,True,,4,10,25,"{'bootstrap': True, 'max_depth': None, 'min_samples_leaf': 4, 'min_samples_split': 10, 'n_estimators': 25}",-4.965535197880002,-5.278148630600169,-2.3893253300525563,-2.9423934323153844,-1.8575805419176141,-3.9759685999903964,-2.311905313397259,-0.07158880611493663,-0.5944577519858169,-2.0091751596463547,-2.6396078763900492,1.6188198712204893,54,2.4757954934792754
0.11447482109069824,0.00540455269295242,0.0041500568389892575,4.821872974304529e-05,True,,4,2,100,"{'bootstrap': True, 'max_depth': None, 'min_samples_leaf': 4, 'min_samples_split': 2, 'n_estimators': 100}",-4.791034869726556,-5.366011983817805,-2.560118286360501,-3.1217906104488615,-1.9013036842216744,-2.8267419573243147,-2.5839017691607395,-0.2276610669818074,-0.8731240778874295,-2.1541962698262105,-2.64058845757559,1.4851773933636907,55,2.4757954934792754
0.05617341995239258,0.006882824313231077,0.0022804975509643556,2.636794153281618e-05,True,50,4,10,50,"{'bootstrap': True, 'max_depth': 50, 'min_samples_leaf': 4, 'min_samples_split': 10, 'n_estimators': 50}",-4.655431975890658,-4.8372132716262755,-2.2135416997216235,-3.432813145336632,-1.7766841237678044,-3.224465901432272,-2.9672090023584086,-0.04999257849093819,-0.9073540066851553,-2.373113788489194,-2.6437819493798953,1.437894217220777,56,2.4757954934792754
0.32487080097198484,0.016100644098814006,0.01051177978515625,0.0014004223842477039,True,,2,5,250,"{'bootstrap': True, 'max_depth': None, 'min_samples_leaf': 2, 'min_samples_split': 5, 'n_estimators': 250}",-3.9006538368329124,-6.8476459761617345,-1.5301394922923772,-3.1675555938280637,-1.943186003938252,-2.9914594578610765,-2.3614081651377723,-0.17828885112601536,-0.593539930342608,-2.9577940119741783,-2.6471671319494994,1.7843437131812572,57,2.4757954934792754
0.11608748435974121,0.010822640125874227,0.005562186241149902,0.002773375898398377,True,50,4,5,100,"{'bootstrap': True, 'max_depth': 50, 'min_samples_leaf': 4, 'min_samples_split': 5, 'n_estimators': 100}",-4.874431350892858,-5.006579098260559,-2.8093169044673774,-3.2029562636021476,-2.200217358462845,-2.890115343932324,-2.476040736387843,-0.21358771471787127,-0.8092165841460047,-1.992482184075164,-2.6474943538944995,1.4449837133582908,58,2.4757954934792754
0.05386979579925537,0.006382194045924105,0.0028502225875854494,0.0016977051223929318,True,,4,10,50,"{'bootstrap': True, 'max_depth': None, 'min_samples_leaf': 4, 'min_samples_split': 10, 'n_estimators': 50}",-4.809340443459715,-5.4650705192354865,-2.574376548400205,-3.1402574640973464,-1.4895859005315464,-2.976421459292007,-2.8836338725403245,-0.06131621565082492,-0.872282845979384,-2.21445732331847,-2.648674259250531,1.561806100854756,59,2.4757954934792754
0.07119462490081788,0.007573308786452261,0.002884221076965332,0.0017927087449257431,True,,2,2,50,"{'bootstrap': True, 'max_depth': None, 'min_samples_leaf': 2, 'min_samples_split': 2, 'n_estimators': 50}",-3.5084434055931095,-6.661729153312231,-1.2871394400951879,-3.3049926657228705,-2.2596043798697125,-3.1961622294094068,-2.361539011464534,-0.21704820861593,-0.546035468970261,-3.1510308246051353,-2.649372478765838,1.7391998435314802,60,2.4757954934792754
0.28928117752075194,0.017223792007543464,0.011638116836547852,0.0029260649005664664,True,50,2,10,250,"{'bootstrap': True, 'max_depth': 50, 'min_samples_leaf': 2, 'min_samples_split': 10, 'n_estimators': 250}",-4.607775984866119,-6.627244877308543,-1.7305463941582495,-3.201974174756455,-1.7333427392232685,-3.031722864338482,-2.1822057796878496,-0.17197942785762313,-0.46755838202892513,-2.7544107516991905,-2.6508761375924705,1.814408158492806,61,2.4757954934792754
0.27297518253326414,0.008825939164447178,0.009813880920410157,0.00041387920526602296,True,50,4,10,250,"{'bootstrap': True, 'max_depth': 50, 'min_samples_leaf': 4, 'min_samples_split': 10, 'n_estimators': 250}",-4.712346462645096,-5.121875817883007,-2.7010689955938667,-3.0292157935533344,-1.9653483998801338,-3.25367362042372,-2.6978686684327937,-0.18188233542055712,-0.8629578685144067,-1.9871467955447608,-2.6513384757891676,1.4515439213391488,62,2.4757954934792754
0.11007051467895508,0.007914959702450902,0.005423283576965332,0.0025585958936806133,True,10,4,10,100,"{'bootstrap': True, 'max_depth': 10, 'min_samples_leaf': 4, 'min_samples_split': 10, 'n_estimators': 100}",-4.677650020399534,-5.185328027454811,-2.7277388185200424,-3.045373628728668,-1.978917323832021,-3.0973761847136956,-2.624758387401342,-0.18186451821511748,-0.8580979733810823,-2.1612121945949316,-2.653831707724124,1.4454799659092405,63,2.4757954934792754
0.032373356819152835,0.002828375816720798,0.0013330221176147462,2.16802208887259e-05,True,,2,5,25,"{'bootstrap': True, 'max_depth': None, 'min_samples_leaf': 2, 'min_samples_split': 5, 'n_estimators': 25}",-3.6009558598499893,-6.636156396188662,-1.4151848191122378,-3.1492291557670704,-2.1268680051632876,-3.2860443631194767,-2.2342334240819217,-0.4515257020925716,-0.3974108188815344,-3.3386627374988618,-2.6636271281755612,1.726229594867205,64,2.4757954934792754
0.1123119592666626,0.005487785823581296,0.004573678970336914,0.0008500639772981203,True,50,4,10,100,"{'bootstrap': True, 'max_depth': 50, 'min_samples_leaf': 4, 'min_samples_split': 10, 'n_estimators': 100}",-4.602214862292217,-5.215172812929893,-2.7535257524328793,-2.9463981979685436,-2.0192238425837683,-3.5326106486009716,-2.711218397086562,-0.08612364028045967,-0.8558397590717967,-1.9169406378097615,-2.6639268551056854,1.4831844499412479,65,2.4757954934792754
0.28635177612304685,0.01733335838545959,0.01098928451538086,0.002834168034733488,True,,2,10,250,"{'bootstrap': True, 'max_depth': None, 'min_samples_leaf': 2, 'min_samples_split': 10, 'n_estimators': 250}",-4.4626082989153995,-6.464212534362618,-1.6962778263004579,-3.316674455499991,-1.7777085673192172,-3.0525214856919853,-2.3777229589438194,-0.15829541391218177,-0.6725915509237524,-2.6804839082164698,-2.6659097000085894,1.74074672470731,66,2.4757954934792754
0.12257587909698486,0.009631972241853883,0.004934239387512207,0.0023473310789459867,True,50,2,10,100,"{'bootstrap': True, 'max_depth': 50, 'min_samples_leaf': 2, 'min_samples_split': 10, 'n_estimators': 100}",-4.718460995954662,-6.866254798110551,-1.64919562216296,-3.3492130499819397,-1.9045374714005356,-2.7248861620585583,-2.325523499621845,-0.16872038602974263,-0.5944146243843534,-2.4839857975073456,-2.6785192407212493,1.8604853675349255,67,2.4757954934792754
0.05454163551330567,0.006646635664082746,0.002273845672607422,2.948107190461365e-05,True,10,4,10,50,"{'bootstrap': True, 'max_depth': 10, 'min_samples_leaf': 4, 'min_samples_split': 10, 'n_estimators': 50}",-4.743749105732438,-5.159442654502152,-2.5374760249036328,-3.3152257208149782,-1.884305719142857,-3.071858063835386,-2.8416713761812904,-0.1927240030927825,-0.885425096139533,-2.154028378943239,-2.678590614328829,1.4603769398936086,68,2.4757954934792754
0.19613375663757324,0.016514922254806105,0.0060377359390258786,0.003016889321666258,True,10,1,2,100,"{'bootstrap': True, 'max_depth': 10, 'min_samples_leaf': 1, 'min_samples_split': 2, 'n_estimators': 100}",-4.240121924426114,-6.472672516532937,-1.3257199474880463,-2.6456784479736077,-2.0927273406699247,-2.5600379419564865,-1.9805171366296086,-0.16580000770563938,-0.4396616223361452,-4.865241196369975,-2.6788178082088487,1.8872661914113955,69,2.4757954934792754
0.11292645931243897,0.00798099193047297,0.004671549797058106,0.0015093492377182749,True,10,2,10,100,"{'bootstrap': True, 'max_depth': 10, 'min_samples_leaf': 2, 'min_samples_split': 10, 'n_estimators': 100}",-4.6613878769763915,-6.485719165026135,-1.7087258143357609,-3.4563114548496823,-1.7386550237639857,-2.9381689354467024,-2.0951161842906827,-0.18354749974911697,-0.7930171767150727,-2.7396779718270126,-2.680032710298055,1.7620113692351973,70,2.4757954934792754
0.26637768745422363,0.017082655404513262,0.010994935035705566,0.0023156848071058523,True,,4,10,250,"{'bootstrap': True, 'max_depth': None, 'min_samples_leaf': 4, 'min_samples_split': 10, 'n_estimators': 250}",-4.571386687330314,-5.153841592473976,-2.627650717071712,-3.1017122478523427,-2.1104579831066914,-3.316608234002249,-2.7935952482708752,-0.11965397427206997,-0.8989599423677169,-2.1110439247472415,-2.680491055149519,1.4377605359961518,71,2.4757954934792754
0.027303290367126466,0.003303555930838696,0.0013336420059204101,2.0965670936105163e-05,True,,4,5,25,"{'bootstrap': True, 'max_depth': None, 'min_samples_leaf': 4, 'min_samples_split': 5, 'n_estimators': 25}",-4.696012471637359,-5.031354694522486,-2.187048115125464,-3.2911058399311464,-2.756570210284707,-3.084143104212432,-2.3640865815813763,-0.27510858095830537,-0.8858034155685067,-2.2426001180656177,-2.68138331318874,1.402589272363813,72,2.4757954934792754
0.14698548316955568,0.00950030836650807,0.004379415512084961,0.0005591295632016324,True,10,1,5,100,"{'bootstrap': True, 'max_depth': 10, 'min_samples_leaf': 1, 'min_samples_split': 5, 'n_estimators': 100}",-4.4002749264569845,-6.779516392930857,-1.5296322884933848,-3.3362113041533177,-1.6586384086375772,-2.7163971191363583,-1.9598920307691483,-0.2047936801391302,-0.41978195297226034,-3.826170149511358,-2.6831308253200374,1.887623884696596,73,2.4757954934792754
0.35340380668640137,0.02873501512317806,0.009833240509033203,9.435203731211509e-05,True,,2,2,250,"{'bootstrap': True, 'max_depth': None, 'min_samples_leaf': 2, 'min_samples_split': 2, 'n_estimators': 250}",-3.707242758121228,-6.92948592391934,-1.4574326909496675,-3.073381750481031,-2.0935770888966903,-3.0603018861786953,-2.521838384998135,-0.15901701519281639,-0.43631878786436,-3.427574790912455,-2.6866171077514416,1.8227508216556865,74,2.4757954934792754
0.028482460975646974,0.0031144825820897492,0.0013204097747802734,2.6026923537511973e-05,True,10,2,10,25,"{'bootstrap': True, 'max_depth': 10, 'min_samples_leaf': 2, 'min_samples_split': 10, 'n_estimators': 25}",-4.689208710620332,-6.373855277625738,-1.9011072307831307,-3.1194838746528224,-1.8534493897264437,-2.87951388314393,-2.5746840912627644,-0.18681949500791653,-0.5581505549144945,-2.750901544994624,-2.68871740527322,1.7302557849652207,75,2.4757954934792754
0.015964841842651366,0.00360393276256154,0.0010190010070800781,0.0007793694102715739,True,50,1,10,10,"{'bootstrap': True, 'max_depth': 50, 'min_samples_leaf': 1, 'min_samples_split': 10, 'n_estimators': 10}",-4.21316420406809,-7.100233351123335,-1.6647499766925775,-2.3281643149520077,-1.8494721234867748,-2.938751769916013,-1.364374213733985,-0.17686145939345646,-0.12681270877145945,-5.136566891869366,-2.6899151014007066,2.1059293021167074,76,2.4757954934792754
0.02619924545288086,0.0013535594860898028,0.0013248205184936523,2.3437419459861464e-05,True,10,4,2,25,"{'bootstrap': True, 'max_depth': 10, 'min_samples_leaf': 4, 'min_samples_split': 2, 'n_estimators': 25}",-4.610692193429808,-5.0833908883311825,-2.225094444955236,-3.1778135389251227,-2.0888470424024637,-3.924264226087017,-2.5491311774825243,-0.23112296736326854,-0.7837868617240172,-2.2370215526889337,-2.691116489338957,1.4717682070187297,77,2.4757954934792754
0.1349740982055664,0.010354921947287722,0.0055037736892700195,0.003948613393788584,True,,2,5,100,"{'bootstrap': True, 'max_depth': None, 'min_samples_leaf': 2, 'min_samples_split': 5, 'n_estimators': 100}",-3.8607531875222487,-6.827301242333767,-1.4494288815574141,-3.1355139798555234,-2.320176936281286,-2.774830048123423,-2.255257542446543,-0.1636701266819535,-0.4773235688738291,-3.6504826684065157,-2.69147381820825,1.8099495875460672,78,2.4757954934792754
0.012481117248535156,0.0026086538520981553,0.0007956504821777343,0.00017211188698847702,True,10,4,2,10,"{'bootstrap': True, 'max_depth': 10, 'min_samples_leaf': 4, 'min_samples_split': 2, 'n_estimators': 10}",-3.9373057323854774,-6.075999735047473,-2.3674477604802653,-3.5326566194347215,-2.068223196273538,-2.580375862719595,-2.496670443953757,-0.48650122693927855,-0.7944444169746409,-2.6294313355852967,-2.696905632979404,1.5074019231879272,79,2.4757954934792754
0.061693882942199706,0.006766004095044001,0.002807211875915527,0.0015997322688345412,True,50,2,10,50,"{'bootstrap': True, 'max_depth': 50, 'min_samples_leaf': 2, 'min_samples_split': 10, 'n_estimators': 50}",-4.646081410630446,-6.841808335689359,-1.4867737132799619,-3.370138393371157,-1.9960761516596832,-3.1604555656916955,-2.0987564438251876,-0.13758335424624327,-0.6006783038779504,-2.6466969018679296,-2.6985048574139614,1.868362493670002,80,2.4757954934792754
0.037897157669067386,0.006169243054673211,0.0014139175415039062,0.00020446013922993645,True,50,1,5,25,"{'bootstrap': True, 'max_depth': 50, 'min_samples_leaf': 1, 'min_samples_split': 5, 'n_estimators': 25}",-4.414374338768925,-6.975037538344192,-1.585734714079667,-3.2292237593104014,-1.67269397869451,-2.8480000892145845,-2.3372634144049584,-0.23767738904336158,-0.6629465817949142,-3.202828455944123,-2.7165780259599637,1.8549457452055975,81,2.4757954934792754
0.03283522129058838,0.0038355059567454107,0.0013578414916992187,6.129053081619591e-05,True,,1,10,25,"{'bootstrap': True, 'max_depth': None, 'min_samples_leaf': 1, 'min_samples_split': 10, 'n_estimators': 25}",-4.205107722484104,-6.384608139848628,-1.493933834008006,-3.294536328880953,-2.0816332394179624,-2.5751127916347083,-1.7829675230963085,-0.3875520612490142,-0.2705186249383301,-4.75232909001804,-2.7228299355576056,1.8532489343878198,82,2.4757954934792754
0.43311784267425535,0.01731455575593731,0.011323928833007812,0.0023671598089407254,True,10,1,2,250,"{'bootstrap': True, 'max_depth': 10, 'min_samples_leaf': 1, 'min_samples_split': 2, 'n_estimators': 250}",-4.18803193999674,-6.68541740107626,-1.288380192125895,-2.758446756855796,-2.029407160499025,-2.9158093577837914,-2.160302713811214,-0.206806481668973,-0.4393392546749156,-4.579597681954074,-2.7251538940446682,1.8903592305191785,83,2.4757954934792754
0.03425662517547608,0.0033930725686112796,0.0015615701675415039,0.0006828513059956636,True,,2,2,25,"{'bootstrap': True, 'max_depth': None, 'min_samples_leaf': 2, 'min_samples_split': 2, 'n_estimators': 25}",-3.6237147467853004,-7.169531828845196,-1.467178032389032,-2.9149748328537806,-1.8781831710586883,-4.131466186630388,-2.344208969384278,-0.25101269550201155,-0.216867519474364,-3.339830109628363,-2.73369680925514,1.944443546092776,84,2.4757954934792754
0.033101344108581544,0.0058607538940904785,0.0013588666915893555,7.183755940734171e-05,True,,2,10,25,"{'bootstrap': True, 'max_depth': None, 'min_samples_leaf': 2, 'min_samples_split': 10, 'n_estimators': 25}",-4.495241984044681,-7.05722004368255,-1.7932595285488602,-3.373344432775778,-1.5621815048573866,-2.9340223187067074,-2.2813113696587313,-0.28083931524613187,-0.8989735817995627,-2.7610628161932502,-2.743745689551364,1.8463248693681902,85,2.4757954934792754
0.07524898052215576,0.009395528411995414,0.0022904396057128905,2.57244255771286e-05,True,10,1,5,50,"{'bootstrap': True, 'max_depth': 10, 'min_samples_leaf': 1, 'min_samples_split': 5, 'n_estimators': 50}",-4.582306811946255,-6.878209698104969,-1.4972795242403376,-3.466546352448257,-1.7800777101737817,-3.2505630750992434,-2.270008133278917,-0.1667948329455209,-0.3441347248984048,-3.2673134425653174,-2.7503234305701008,1.9139661562217345,86,2.4757954934792754
0.012440204620361328,0.001702719493250316,0.000731515884399414,2.132208691268254e-05,True,10,1,10,10,"{'bootstrap': True, 'max_depth': 10, 'min_samples_leaf': 1, 'min_samples_split': 10, 'n_estimators': 10}",-4.684413069186116,-6.2720655237554,-1.7555674964925159,-2.738166270678422,-1.8695579928174928,-3.2830047471108013,-1.8322282193709354,-0.09494385290130818,-0.2957861571222459,-4.747631900185831,-2.757336522962107,1.8999999063312396,87,2.4757954934792754
0.03857569694519043,0.012957142308473238,0.0016938209533691405,0.0007547701365267062,True,,1,5,25,"{'bootstrap': True, 'max_depth': None, 'min_samples_leaf': 1, 'min_samples_split': 5, 'n_estimators': 25}",-4.3246995000218025,-6.797280231800954,-1.481602099652958,-3.0530764418711778,-1.7799584714461234,-2.9989716570901055,-1.79611744907306,-0.33398440981769495,-0.8615468675004707,-4.153698382511545,-2.7580935510785896,1.8397501022274778,88,2.4757954934792754
0.0262650728225708,0.002170250234734688,0.0013159990310668945,1.9931008925818566e-05,True,50,4,10,25,"{'bootstrap': True, 'max_depth': 50, 'min_samples_leaf': 4, 'min_samples_split': 10, 'n_estimators': 25}",-4.911931896448598,-5.99902816476934,-2.419493472201631,-2.873809467985946,-2.058366146604394,-3.2429417469569173,-2.658223588808029,-0.15716808879468072,-0.7943097335527763,-2.5240855588976183,-2.763935786501993,1.6334339828600046,89,2.4757954934792754
0.06578032970428467,0.007272550396857443,0.0023541688919067384,0.00021944863658735536,True,50,1,10,50,"{'bootstrap': True, 'max_depth': 50, 'min_samples_leaf': 1, 'min_samples_split': 10, 'n_estimators': 50}",-4.650621449175484,-6.242277926205561,-1.7038820482119235,-3.406884943636506,-1.282137360638011,-2.580611896336929,-2.257962962500278,-0.13645525438136527,-0.5640714734220145,-4.838447362393752,-2.7663352676901822,1.8901715463303712,90,2.4757954934792754
0.026476502418518066,0.002370333170842553,0.0013206720352172852,1.614643071076077e-05,True,10,4,10,25,"{'bootstrap': True, 'max_depth': 10, 'min_samples_leaf': 4, 'min_samples_split': 10, 'n_estimators': 25}",-4.876644671161955,-5.695912405848378,-2.779995193836839,-3.145550298090336,-2.065455507325534,-2.8889408723661494,-3.0529483466909526,-0.11351843034285618,-0.9200850372314697,-2.152675478386881,-2.769172624128135,1.5681455661570411,91,2.4757954934792754
0.033741307258605954,0.0034753081398885533,0.001633906364440918,0.0009202118477753611,True,50,2,2,25,"{'bootstrap': True, 'max_depth': 50, 'min_samples_leaf': 2, 'min_samples_split': 2, 'n_estimators': 25}",-4.68827050506892,-6.920556906342283,-1.5054982545310682,-2.871835237533424,-1.9895217622665158,-3.4137052464040054,-1.9531765710701992,-0.38582498336340504,-0.3156085418325428,-3.679553560665861,-2.7723551569078224,1.9168328782951198,92,2.4757954934792754
0.012309789657592773,0.00119976797816669,0.0011239767074584961,0.0007953000703748385,True,,2,10,10,"{'bootstrap': True, 'max_depth': None, 'min_samples_leaf': 2, 'min_samples_split': 10, 'n_estimators': 10}",-4.087790492389806,-7.242419701974855,-1.6234129747248218,-3.559046942872968,-1.5189891626242769,-2.318628035397443,-2.461433599130363,-0.3083414953196379,-0.9905730800130828,-3.69420849446298,-2.7804843978910236,1.8873136866701343,93,2.4757954934792754
0.12639179229736328,0.013319568629973803,0.005283856391906738,0.0033650546711610023,True,,1,10,100,"{'bootstrap': True, 'max_depth': None, 'min_samples_leaf': 1, 'min_samples_split': 10, 'n_estimators': 100}",-4.648166868875031,-6.853011311381372,-1.9012259992511669,-3.3148455177342417,-1.7040861368906535,-2.663940121075882,-2.0009148535130987,-0.11038402037107153,-0.5368296529670479,-4.094195156455441,-2.782759963851501,1.9183717493328323,94,2.4757954934792754
0.028515100479125977,0.004022406974666998,0.0013940811157226562,0.00020238408779912147,True,,4,2,25,"{'bootstrap': True, 'max_depth': None, 'min_samples_leaf': 4, 'min_samples_split': 2, 'n_estimators': 25}",-4.07959652797568,-5.925372522712288,-2.904006210562327,-3.3086969268860176,-2.5652389334351127,-3.76198398571381,-2.494351194719043,-0.2099894648173519,-0.4058529838586576,-2.181211172631997,-2.7836299923312287,1.5990363355260473,95,2.4757954934792754
0.06261532306671143,0.006828476827858875,0.002489590644836426,0.0004476424531926896,True,10,1,10,50,"{'bootstrap': True, 'max_depth': 10, 'min_samples_leaf': 1, 'min_samples_split': 10, 'n_estimators': 50}",-4.195403135535069,-6.693204220136215,-1.7739291191053304,-3.231430569728675,-1.4339815047670326,-3.0405572738547906,-2.053267880302426,-0.17630339467323577,-0.47121398188312996,-4.819596712480816,-2.7888887792466717,1.9289683894027856,96,2.4757954934792754
0.01074206829071045,0.0007593711859341829,0.000792694091796875,0.00016851734154226523,True,,4,10,10,"{'bootstrap': True, 'max_depth': None, 'min_samples_leaf': 4, 'min_samples_split': 10, 'n_estimators': 10}",-4.673735387417866,-5.088069334411999,-2.8657148678113473,-3.3374901980844065,-1.6535865114331054,-3.745789125289068,-3.213386161998983,-0.15395181343748265,-1.1664541127104775,-2.059756604302778,-2.7957934116897514,1.4709471545828827,97,2.4757954934792754
0.3639103412628174,0.023480678611789093,0.009975481033325195,0.00042244958460949046,True,,1,5,250,"{'bootstrap': True, 'max_depth': None, 'min_samples_leaf': 1, 'min_samples_split': 5, 'n_estimators': 250}",-4.43672982123772,-6.861052295214551,-1.4724345876594602,-3.248500731483291,-1.7910373225939258,-2.966385887371928,-2.354699639095518,-0.16318658514482,-0.4062861622006135,-4.265943860664366,-2.796625689266619,1.9289925843983857,98,2.4757954934792754
0.09215729236602783,0.008007202032298684,0.002606773376464844,0.000915191404975836,True,50,1,2,50,"{'bootstrap': True, 'max_depth': 50, 'min_samples_leaf': 1, 'min_samples_split': 2, 'n_estimators': 50}",-4.0473517216581945,-6.940792604205632,-1.3214334617316632,-2.54055144556225,-2.3236148617117363,-2.727037432212803,-2.117322820797415,-0.1592899914939945,-0.46305832775298145,-5.345335665969949,-2.798578833309662,2.0141299838927464,99,2.4757954934792754
0.3122894287109375,0.016597012310123418,0.011475205421447754,0.003067245185475274,True,10,1,10,250,"{'bootstrap': True, 'max_depth': 10, 'min_samples_leaf': 1, 'min_samples_split': 10, 'n_estimators': 250}",-4.635164569144783,-6.6236937846607225,-1.5515430880781125,-3.3744863230329605,-1.7212002054193896,-2.9749206331802434,-2.1088044088601867,-0.13506219540528583,-0.4801224218650248,-4.4161980845692606,-2.802119571421597,1.9142903834975522,100,2.4757954934792754
0.05119702816009521,0.010868882635908853,0.0015140056610107421,0.0004974745290884879,True,50,1,2,25,"{'bootstrap': True, 'max_depth': 50, 'min_samples_leaf': 1, 'min_samples_split': 2, 'n_estimators': 25}",-3.8404294251798547,-7.300950909411591,-1.2670000562811228,-2.764777114870783,-2.371635883029158,-2.759039707618166,-2.7018506028169327,-0.18727302774442514,-0.48156673604135053,-4.372903989924182,-2.804742745291757,1.9637328198966313,101,2.4757954934792754
0.12869739532470703,0.011454349207002919,0.0050963878631591795,0.002392853409066637,True,50,1,10,100,"{'bootstrap': True, 'max_depth': 50, 'min_samples_leaf': 1, 'min_samples_split': 10, 'n_estimators': 100}",-4.480370223462939,-6.563506459439013,-1.6925463785303327,-3.4128374346534227,-1.7292511457723878,-3.036995758604823,-2.098530893582748,-0.11611700702083357,-0.4849736550598873,-4.496906178055557,-2.811203513418195,1.8901107770870667,102,2.4757954934792754
0.04906153678894043,0.005750026595276272,0.0018792152404785156,0.0010909125223092315,True,10,1,2,25,"{'bootstrap': True, 'max_depth': 10, 'min_samples_leaf': 1, 'min_samples_split': 2, 'n_estimators': 25}",-4.748926012057722,-6.934367849418046,-1.5265975207373184,-2.6845979442508594,-1.8136855014903912,-2.8611560111821555,-1.7988838583541098,-0.13878963372134934,-0.6851082034211057,-4.973592026424442,-2.81657045610575,2.0194438819185905,103,2.4757954934792754
0.06341011524200439,0.005225992914390243,0.0029341936111450194,0.0019226029824177728,True,,1,10,50,"{'bootstrap': True, 'max_depth': None, 'min_samples_leaf': 1, 'min_samples_split': 10, 'n_estimators': 50}",-4.744581336852433,-6.360922239533491,-1.6384634437397327,-3.271491576013583,-1.934469310850029,-2.8045798857417794,-2.2515747751404738,-0.1769753670136611,-0.42352926691694553,-4.5777506458838255,-2.818433784768595,1.8646136466056618,104,2.4757954934792754
0.3086842060089111,0.03307847745760449,0.009703636169433594,5.0642036860960153e-05,True,,1,10,250,"{'bootstrap': True, 'max_depth': None, 'min_samples_leaf': 1, 'min_samples_split': 10, 'n_estimators': 250}",-4.6587346902888545,-6.4141251334418055,-1.6174253126621394,-3.5386884129260827,-1.7703416477264424,-2.6695792507944596,-2.3031974640635595,-0.18940736788807574,-0.46711515630666506,-4.571027272706437,-2.819964170880452,1.8755013929554158,105,2.4757954934792754
0.4653343677520752,0.0346603211502991,0.01322479248046875,0.00909576803418236,True,,1,2,250,"{'bootstrap': True, 'max_depth': None, 'min_samples_leaf': 1, 'min_samples_split': 2, 'n_estimators': 250}",-4.319911590648065,-6.861177292302421,-1.2615123238107795,-2.6327321244493977,-2.1977930079025136,-3.2275492576300606,-2.382553909028224,-0.1789472710038821,-0.4896477371733397,-4.649344613658594,-2.820116912760728,1.937565523216681,106,2.4757954934792754
0.30121679306030275,0.014685080943539366,0.012204384803771973,0.002836663688736567,True,50,1,10,250,"{'bootstrap': True, 'max_depth': 50, 'min_samples_leaf': 1, 'min_samples_split': 10, 'n_estimators': 250}",-4.7376694972903035,-6.439917670026361,-1.676395847140834,-3.336175027519586,-1.6685235061384862,-2.951006249054378,-2.294588718674032,-0.15247633925461698,-0.4168641566686924,-4.624460740941394,-2.829807775270868,1.900539558309983,107,2.4757954934792754
0.03384506702423096,0.006037083039333697,0.001742410659790039,0.001217588108434458,True,50,1,10,25,"{'bootstrap': True, 'max_depth': 50, 'min_samples_leaf': 1, 'min_samples_split': 10, 'n_estimators': 25}",-5.030073500486077,-6.510119934436765,-1.7696668688070782,-3.3345363219003494,-2.1306886853867333,-2.5494696300337085,-2.460231570199655,-0.1587583697640292,-0.37367333847739553,-4.051063239083346,-2.836828145857514,1.8742073897195402,108,2.4757954934792754
0.011269521713256837,0.0011753018869110129,0.0007556676864624023,4.529742813253293e-05,True,,4,5,10,"{'bootstrap': True, 'max_depth': None, 'min_samples_leaf': 4, 'min_samples_split': 5, 'n_estimators': 10}",-5.26843524467661,-5.559513511537466,-2.759189766112663,-3.046338519679884,-2.041497198013914,-3.2707828055176322,-3.8435089346724918,-0.4204054516694929,-0.6484141015291547,-1.5238869538077309,-2.8381972487217046,1.6601799802378818,109,2.4757954934792754
0.3538015842437744,0.02265885770743739,0.011187243461608886,0.0025246067644346757,True,50,1,5,250,"{'bootstrap': True, 'max_depth': 50, 'min_samples_leaf': 1, 'min_samples_split': 5, 'n_estimators': 250}",-4.353990197977651,-6.693603745142352,-1.4925336372585707,-3.289761866015752,-1.817984396962517,-3.0625322026497037,-2.143952736253126,-0.17057621843900317,-0.468920001583977,-4.894718998571468,-2.838857400085412,1.9418701949055115,110,2.4757954934792754
0.1547950029373169,0.019603629027564958,0.00468294620513916,0.0013225351729752029,True,,1,5,100,"{'bootstrap': True, 'max_depth': None, 'min_samples_leaf': 1, 'min_samples_split': 5, 'n_estimators': 100}",-4.461227173478449,-6.5835217075743975,-1.5630327845580545,-3.2499318498020204,-1.968734129163373,-3.1464550292861397,-2.1992290657241,-0.2029361529658873,-0.5649801806587419,-4.494664018575409,-2.8434712091786576,1.8593612193422768,111,2.4757954934792754
0.011888718605041504,0.0009880674571382312,0.0009333610534667969,0.0005943752205380065,True,10,2,10,10,"{'bootstrap': True, 'max_depth': 10, 'min_samples_leaf': 2, 'min_samples_split': 10, 'n_estimators': 10}",-4.168477704968636,-7.169382279172055,-1.8520874790986415,-3.2996656092605967,-2.4018437027910884,-3.443171550089227,-2.7826773254329615,-0.22815844660913617,-0.2502492141061999,-2.854615323316267,-2.845032863484481,1.8916457397018764,112,2.4757954934792754
0.027289271354675293,0.002634796269428621,0.0014508962631225586,0.00038265562869498065,True,50,4,5,25,"{'bootstrap': True, 'max_depth': 50, 'min_samples_leaf': 4, 'min_samples_split': 5, 'n_estimators': 25}",-5.614971259247257,-5.280527751619077,-2.8884139151395445,-3.018247639254601,-2.17779060767952,-3.16633427436675,-2.774863367599355,-0.23716575765224227,-0.8258040646976927,-2.4946722120895464,-2.8478790849345588,1.587147670608189,113,2.4757954934792754
0.48209991455078127,0.045219417505452573,0.010071969032287598,0.0006700080757323998,True,50,1,2,250,"{'bootstrap': True, 'max_depth': 50, 'min_samples_leaf': 1, 'min_samples_split': 2, 'n_estimators': 250}",-4.183123128687887,-6.8393830285816,-1.2602459603048906,-2.730487247716239,-2.199928189564919,-3.3818839347994385,-2.295720553756085,-0.20591425177673237,-0.523661215844462,-4.869767681366982,-2.849011519239924,1.9424007905524405,114,2.4757954934792754
0.03849172592163086,0.00505868378342429,0.001870131492614746,0.001575275689615689,True,10,1,5,25,"{'bootstrap': True, 'max_depth': 10, 'min_samples_leaf': 1, 'min_samples_split': 5, 'n_estimators': 25}",-4.503738106474359,-7.008321935665802,-1.268312039503604,-3.160274354482702,-1.8154551379085975,-2.560354195331209,-2.12146186034861,-0.4939301685570478,-1.1594677270857514,-4.42205493000962,-2.85133704553673,1.875893036718844,115,2.4757954934792754
0.18111572265625,0.021101026806664615,0.004224610328674316,4.238812129030605e-05,True,50,1,2,100,"{'bootstrap': True, 'max_depth': 50, 'min_samples_leaf': 1, 'min_samples_split': 2, 'n_estimators': 100}",-4.550193670964225,-6.966247071459441,-1.1467392090750805,-2.7821330696819033,-2.204144388118363,-3.099318721280977,-2.3471063273655166,-0.18408617907843527,-0.4956213466890291,-4.811016999516112,-2.8586606983229084,1.9991767304457595,116,2.4757954934792754
0.35606381893157957,0.019853946562684136,0.012081599235534668,0.00551435455343174,True,10,1,5,250,"{'bootstrap': True, 'max_depth': 10, 'min_samples_leaf': 1, 'min_samples_split': 5, 'n_estimators': 250}",-4.530452222171754,-7.043813224294338,-1.5789159230747338,-3.0737376333065343,-1.915401156874036,-2.779644574402633,-2.3466411766592006,-0.2250718016340084,-0.5504164253606117,-4.554007859277731,-2.8598101997055583,1.9567961142281245,117,2.4757954934792754
0.01456437110900879,0.00265430869411436,0.0008071184158325196,0.0001674979367054657,True,10,2,5,10,"{'bootstrap': True, 'max_depth': 10, 'min_samples_leaf': 2, 'min_samples_split': 5, 'n_estimators': 10}",-3.94461041232302,-5.692330824409235,-1.5443437135012466,-3.2240925030866268,-3.6499600947449693,-4.545109064261454,-2.459396040837421,-0.20291032755035074,-0.8338179358794711,-2.5437194586024465,-2.864029037519624,1.6109474180153682,118,2.4757954934792754
0.12540433406829835,0.00664400651880273,0.00437631607055664,0.0006206227884673871,True,10,1,10,100,"{'bootstrap': True, 'max_depth': 10, 'min_samples_leaf': 1, 'min_samples_split': 10, 'n_estimators': 100}",-4.706147473760261,-6.62078113977588,-1.747182241733045,-3.437820978199541,-1.8977829189952444,-2.865548682529901,-2.1385425856228073,-0.12875186991785248,-0.32658872943050327,-4.830019946160934,-2.869916656612597,1.9577602821376283,119,2.4757954934792754
0.043460297584533694,0.0021684114379822554,0.0013491392135620117,2.4187691167893576e-05,True,,1,2,25,"{'bootstrap': True, 'max_depth': None, 'min_samples_leaf': 1, 'min_samples_split': 2, 'n_estimators': 25}",-4.464026773643416,-7.2792538132865525,-1.0297477286568155,-2.660481128315697,-2.199671393266025,-3.2009918547711744,-1.936307175214,-0.2056778559055629,-0.29598621528437935,-5.44196095143801,-2.871410488978163,2.1721571802515958,120,2.4757954934792754
0.09758532047271729,0.005728873587395466,0.0023401975631713867,7.822267963909909e-05,True,10,1,2,50,"{'bootstrap': True, 'max_depth': 10, 'min_samples_leaf': 1, 'min_samples_split': 2, 'n_estimators': 50}",-4.121138450759804,-6.9110371832981485,-1.0550976970180599,-3.0792202415752903,-2.2110423050288133,-3.057584153067945,-2.3315334241077594,-0.2096428124472004,-0.5941981964095925,-5.270330046541462,-2.8840824510254075,2.000217666227079,121,2.4757954934792754
0.14987764358520508,0.007224622357880326,0.004505300521850586,0.0006024970542637235,True,50,1,5,100,"{'bootstrap': True, 'max_depth': 50, 'min_samples_leaf': 1, 'min_samples_split': 5, 'n_estimators': 100}",-4.466901206376725,-7.0455492730204545,-1.5876270238539703,-3.4969739124830945,-1.6679607194101287,-2.9167441718494023,-2.348375802288193,-0.17208241949791284,-0.5223712914647277,-4.6313719739320085,-2.8855957794176614,1.9907831613732418,122,2.4757954934792754
0.019385290145874024,0.003293174106758626,0.0007521390914916992,1.8319500904456953e-05,True,10,1,2,10,"{'bootstrap': True, 'max_depth': 10, 'min_samples_leaf': 1, 'min_samples_split': 2, 'n_estimators': 10}",-5.121758969512752,-7.39246805236828,-1.5035422479453733,-2.5574591050311435,-2.8575416179500963,-2.719106331313865,-1.4332512520547842,-0.11407055081504752,-0.7120633089377421,-4.48254103105011,-2.8893802466979195,2.107689871509161,123,2.4757954934792754
0.20191781520843505,0.01693735303683436,0.005289983749389648,0.0032365678707989517,True,,1,2,100,"{'bootstrap': True, 'max_depth': None, 'min_samples_leaf': 1, 'min_samples_split': 2, 'n_estimators': 100}",-4.330792628992678,-6.928530780670563,-1.2957490670240994,-2.636377134900488,-2.2609193015097393,-3.151373975059476,-2.3767283052051944,-0.216688007342433,-0.32629781802480956,-5.3999088986000325,-2.8923365917329518,2.0429839829162013,124,2.4757954934792754
0.07589714527130127,0.007820753890381841,0.002822470664978027,0.0015783820405135811,True,,1,5,50,"{'bootstrap': True, 'max_depth': None, 'min_samples_leaf': 1, 'min_samples_split': 5, 'n_estimators': 50}",-4.32806883874641,-7.068333004691693,-1.4683126318829847,-3.4830043521250333,-1.585006041244238,-3.3873801724411137,-1.9986559273687121,-0.1983022338005782,-0.4262822421698375,-5.035528792049753,-2.8978874236520356,2.063057490214949,125,2.4757954934792754
0.01851475238800049,0.0016538049683767137,0.0007634162902832031,2.631043813559402e-05,True,50,1,2,10,"{'bootstrap': True, 'max_depth': 50, 'min_samples_leaf': 1, 'min_samples_split': 2, 'n_estimators': 10}",-4.483252333016322,-7.289041646044565,-1.4210009146858942,-3.473193467108852,-1.8948870289662862,-2.7682756082673214,-1.4695494082342035,-0.04321063936048488,-0.42576727553045357,-5.791863810206891,-2.9060042131421273,2.2361964287186624,126,2.4757954934792754
0.013912129402160644,0.002263463943406606,0.0007416963577270508,1.2604859048147102e-05,True,50,1,5,10,"{'bootstrap': True, 'max_depth': 50, 'min_samples_leaf': 1, 'min_samples_split': 5, 'n_estimators': 10}",-4.773917770932833,-7.711293805562497,-1.1792855195421728,-3.3997382878916382,-2.92004991600898,-2.603848374876342,-1.9450880163790447,-0.3391353480955684,-0.6951032724252215,-3.5353092436601448,-2.9102769555374444,2.0662244862922017,127,2.4757954934792754
0.09242875576019287,0.010133221603637584,0.0026080131530761717,0.0009226673997727052,True,,1,2,50,"{'bootstrap': True, 'max_depth': None, 'min_samples_leaf': 1, 'min_samples_split': 2, 'n_estimators': 50}",-4.778551614485502,-6.540126718620443,-1.2278345209556074,-2.6030875261819473,-1.8899429011318194,-3.371684529026117,-2.2474683949865253,-0.24645500472650475,-0.5090951003230767,-5.730997428890359,-2.9145243739327897,2.0518878230789728,128,2.4757954934792754
0.013836979866027832,0.0006386135370158787,0.0007504940032958985,1.9248162554234107e-05,True,10,1,5,10,"{'bootstrap': True, 'max_depth': 10, 'min_samples_leaf': 1, 'min_samples_split': 5, 'n_estimators': 10}",-5.0042937358676145,-7.676948475882305,-1.6461119832323607,-3.405960577198319,-1.1948110936429972,-2.66608007550654,-3.3549492234898355,-0.3238427107920225,-0.5600539539625332,-3.567744891147786,-2.940079672072231,2.1162854245431046,129,2.4757954934792754
0.06765053272247315,0.0030714180087660714,0.0022829055786132814,2.3374458275424482e-05,True,50,1,5,50,"{'bootstrap': True, 'max_depth': 50, 'min_samples_leaf': 1, 'min_samples_split': 5, 'n_estimators': 50}",-4.25563627537387,-6.615496280117601,-1.8160966245538925,-3.3386404800098766,-2.2428325011512023,-3.0594457791334126,-2.5499379310642953,-0.18936354602356642,-0.651225443970698,-4.704864977136744,-2.9423539838535158,1.8230163417397311,130,2.4757954934792754
0.01611928939819336,0.004896881928478668,0.0007648229598999024,3.5107077078778304e-05,True,,2,2,10,"{'bootstrap': True, 'max_depth': None, 'min_samples_leaf': 2, 'min_samples_split': 2, 'n_estimators': 10}",-2.5477250254023507,-6.744778655583757,-2.2732613443830902,-3.079974111882526,-2.9544120967471237,-4.1662049198340405,-3.588175589244011,-0.20501357931048766,-0.24405512806352267,-3.657902413534315,-2.9461502863985225,1.7967066081591987,131,2.4757954934792754
0.030969071388244628,0.003313224975492668,0.0015751123428344727,0.0007988790006902206,True,10,1,10,25,"{'bootstrap': True, 'max_depth': 10, 'min_samples_leaf': 1, 'min_samples_split': 10, 'n_estimators': 25}",-5.260796614959548,-6.469606711615953,-1.8439078770835482,-2.8960391640217718,-2.382120085683523,-2.5854828351983516,-2.566805448335507,-0.24158401534325713,-0.8301014294682991,-4.792010527774667,-2.9868454709484427,1.8645341609562271,132,2.4757954934792754
0.01824212074279785,0.0009879768177925815,0.0008593559265136719,9.846399824919414e-05,True,,1,2,10,"{'bootstrap': True, 'max_depth': None, 'min_samples_leaf': 1, 'min_samples_split': 2, 'n_estimators': 10}",-5.011686505722543,-7.314424493169416,-1.625278329528736,-3.100047483545317,-1.7292204004254135,-3.181356356497044,-2.4475098121095153,-0.18949244507942817,-1.2110338247984025,-4.480249997751179,-3.0290299648626995,1.9948957907813034,133,2.4757954934792754
0.014029645919799804,0.0033799679589465925,0.0007524728775024414,1.6815001674735465e-05,True,,1,10,10,"{'bootstrap': True, 'max_depth': None, 'min_samples_leaf': 1, 'min_samples_split': 10, 'n_estimators': 10}",-4.833130264128287,-7.342725208981601,-1.7761101300362931,-3.608275873121277,-1.1532547691490247,-3.0052885619617142,-4.2340288743663885,-0.2303268597164212,-0.5941936531825764,-3.8456510411166627,-3.0622985235760245,2.0774062203208223,134,2.4757954934792754
0.01405491828918457,0.0004247844777475935,0.0008135557174682618,0.00021246517673166094,True,,1,5,10,"{'bootstrap': True, 'max_depth': None, 'min_samples_leaf': 1, 'min_samples_split': 5, 'n_estimators': 10}",-5.299089634574431,-7.991506945063234,-1.4107694972257385,-3.8036049942747305,-2.8608829429538236,-3.389149632893646,-2.8861429923966413,-0.30782229449473625,-0.9417097356011407,-3.2885403215888953,-3.2179218991067016,2.1130281423903226,135,2.4757954934792754
