mean_fit_time,std_fit_time,mean_score_time,std_score_time,param_bootstrap,param_max_depth,param_min_samples_leaf,param_min_samples_split,param_n_estimators,params,split0_test_score,split1_test_score,split2_test_score,mean_test_score,std_test_score,rank_test_score,test_mse
0.02443869908650716,0.0012987744424185045,0.0019911924997965493,2.4225277876421562e-05,True,,1,2,10,"{'bootstrap': True, 'max_depth': None, 'min_samples_leaf': 1, 'min_samples_split': 2, 'n_estimators': 10}",-2.4339628409962892,-4.596472380192492,-7.076449419538832,-4.702294880242538,1.89676377181847,103,1.0001660030150827
0.11479616165161133,0.004756098573285154,0.0059731801350911455,0.00010138637749980832,True,,1,2,50,"{'bootstrap': True, 'max_depth': None, 'min_samples_leaf': 1, 'min_samples_split': 2, 'n_estimators': 50}",-1.9866257437669788,-4.681748827292144,-6.303951129403401,-4.324108566820841,1.7805906395159363,85,1.0001660030150827
0.22202126185099283,0.0023242844639527653,0.010885238647460938,0.00012759931298042358,True,,1,2,100,"{'bootstrap': True, 'max_depth': None, 'min_samples_leaf': 1, 'min_samples_split': 2, 'n_estimators': 100}",-1.8650785362221158,-5.107587569365458,-6.7277915305814,-4.566819212056324,2.02168530828082,99,1.0001660030150827
0.020569562911987305,0.0002788315900472795,0.0019632975260416665,2.4345431040057933e-05,True,,1,5,10,"{'bootstrap': True, 'max_depth': None, 'min_samples_leaf': 1, 'min_samples_split': 5, 'n_estimators': 10}",-1.7838616803056873,-4.798604317437124,-6.1793075503544825,-4.2539245160324315,1.8353007317014731,65,1.0001660030150827
0.09981584548950195,0.0067542263199407895,0.005479176839192708,0.0005180857240874359,True,,1,5,50,"{'bootstrap': True, 'max_depth': None, 'min_samples_leaf': 1, 'min_samples_split': 5, 'n_estimators': 50}",-1.883157018171702,-4.62086556255223,-6.310166146178713,-4.271396242300882,1.8241343260502234,73,1.0001660030150827
0.19098345438639322,0.0041262771891491384,0.009815454483032227,0.0006506272223227217,True,,1,5,100,"{'bootstrap': True, 'max_depth': None, 'min_samples_leaf': 1, 'min_samples_split': 5, 'n_estimators': 100}",-1.8258390451613564,-4.476251790703695,-6.654672017969719,-4.318920951278257,1.9744993820537644,82,1.0001660030150827
0.01983475685119629,0.0007332235378425658,0.0022864341735839844,0.0005733729395243124,True,,1,10,10,"{'bootstrap': True, 'max_depth': None, 'min_samples_leaf': 1, 'min_samples_split': 10, 'n_estimators': 10}",-2.0471556629029033,-3.6097304300776165,-6.127370042769318,-3.928085378583279,1.6808826553026044,33,1.0001660030150827
0.09192633628845215,0.003911442397636648,0.005850156148274739,0.00013897306062739186,True,,1,10,50,"{'bootstrap': True, 'max_depth': None, 'min_samples_leaf': 1, 'min_samples_split': 10, 'n_estimators': 50}",-1.7721183398822522,-5.03177545248057,-6.77239779443171,-4.525430528931511,2.0725165929533245,97,1.0001660030150827
0.16875251134236655,0.008663922954382803,0.010413646697998047,0.000420514819959056,True,,1,10,100,"{'bootstrap': True, 'max_depth': None, 'min_samples_leaf': 1, 'min_samples_split': 10, 'n_estimators': 100}",-1.8183688596549503,-4.6527518403042825,-6.525878428857035,-4.332333042938756,1.9351421550386037,86,1.0001660030150827
0.020752509435017902,0.001257777846132162,0.0016740163167317708,0.00033443440932058957,True,,2,2,10,"{'bootstrap': True, 'max_depth': None, 'min_samples_leaf': 2, 'min_samples_split': 2, 'n_estimators': 10}",-1.8530099938383957,-5.010382239337568,-6.552190163357395,-4.471860798844453,1.9558591586654421,93,1.0001660030150827
0.08814112345377605,0.004966246627083669,0.005028963088989258,0.0006241666653036572,True,,2,2,50,"{'bootstrap': True, 'max_depth': None, 'min_samples_leaf': 2, 'min_samples_split': 2, 'n_estimators': 50}",-1.6935531886767594,-5.167167885834042,-6.4194646379716716,-4.426728570827491,1.9991243985054579,90,1.0001660030150827
0.17774375279744467,0.005685567485359295,0.009564081827799479,0.0010975153527232532,True,,2,2,100,"{'bootstrap': True, 'max_depth': None, 'min_samples_leaf': 2, 'min_samples_split': 2, 'n_estimators': 100}",-1.7990555490843363,-5.207279236670025,-6.176188125634259,-4.394174303796206,1.877174671693508,89,1.0001660030150827
0.02095349629720052,0.0009071667117419464,0.0018909772237141926,7.398440922014249e-05,True,,2,5,10,"{'bootstrap': True, 'max_depth': None, 'min_samples_leaf': 2, 'min_samples_split': 5, 'n_estimators': 10}",-1.9024448272318963,-4.376058584417509,-6.556664216565423,-4.278389209404943,1.9013318158812689,76,1.0001660030150827
0.09498794873555501,0.004652125320501866,0.006123701731363933,0.00033656655686373986,True,,2,5,50,"{'bootstrap': True, 'max_depth': None, 'min_samples_leaf': 2, 'min_samples_split': 5, 'n_estimators': 50}",-1.7847945754220744,-4.835831750355621,-5.8815800680056425,-4.167402131261112,1.738008718778077,43,1.0001660030150827
0.18817408879597983,0.012865016989258701,0.010150750478108725,5.458148329564919e-05,True,,2,5,100,"{'bootstrap': True, 'max_depth': None, 'min_samples_leaf': 2, 'min_samples_split': 5, 'n_estimators': 100}",-1.7676660915974178,-4.130585291974778,-6.293612903616636,-4.0639547623962775,1.8483106443291515,39,1.0001660030150827
0.019472837448120117,0.00032248460933302815,0.001863718032836914,6.194938725256766e-05,True,,2,10,10,"{'bootstrap': True, 'max_depth': None, 'min_samples_leaf': 2, 'min_samples_split': 10, 'n_estimators': 10}",-1.9723917403337847,-3.8753536130456716,-5.831770955183063,-3.893172102854173,1.5756353437977435,32,1.0001660030150827
0.08893179893493652,0.005024565761217184,0.006401459376017253,0.0011002525566801862,True,,2,10,50,"{'bootstrap': True, 'max_depth': None, 'min_samples_leaf': 2, 'min_samples_split': 10, 'n_estimators': 50}",-1.8212876209439106,-4.554045641130345,-6.160359000902512,-4.1785640876589225,1.7912053498211655,45,1.0001660030150827
0.168320099512736,0.008337976812478253,0.009920120239257812,0.0006659370507717094,True,,2,10,100,"{'bootstrap': True, 'max_depth': None, 'min_samples_leaf': 2, 'min_samples_split': 10, 'n_estimators': 100}",-1.6639527532485248,-4.19089011259247,-6.201517488710596,-4.018786784850531,1.8564460848068693,38,1.0001660030150827
0.018483082453409832,0.00029904104842833534,0.0018302599589029949,5.717816820993783e-05,True,,4,2,10,"{'bootstrap': True, 'max_depth': None, 'min_samples_leaf': 4, 'min_samples_split': 2, 'n_estimators': 10}",-1.9789953545318075,-3.151427834717983,-6.2244951648393565,-3.7849727846963823,1.7901771909623374,25,1.0001660030150827
0.08418758710225423,0.0005458509003535558,0.005382219950358073,0.000515542064144942,True,,4,2,50,"{'bootstrap': True, 'max_depth': None, 'min_samples_leaf': 4, 'min_samples_split': 2, 'n_estimators': 50}",-1.7134410845983783,-3.3323093883952204,-5.593604362414458,-3.5464516118026856,1.5912907621409158,10,1.0001660030150827
0.16521096229553223,0.004648172358734218,0.007504065831502278,0.002063653138188776,True,,4,2,100,"{'bootstrap': True, 'max_depth': None, 'min_samples_leaf': 4, 'min_samples_split': 2, 'n_estimators': 100}",-1.6504267461438087,-3.259138055184501,-5.667981910324137,-3.525848903884149,1.650967066483272,6,1.0001660030150827
0.018708149592081707,0.0003101730316705912,0.0018711090087890625,7.52786291631579e-05,True,,4,5,10,"{'bootstrap': True, 'max_depth': None, 'min_samples_leaf': 4, 'min_samples_split': 5, 'n_estimators': 10}",-2.138302692848135,-3.1794874603776435,-5.891312878463633,-3.736367677229804,1.5819519683552132,24,1.0001660030150827
0.0875871976216634,0.0022309379176808325,0.0052738189697265625,0.0004249902403673949,True,,4,5,50,"{'bootstrap': True, 'max_depth': None, 'min_samples_leaf': 4, 'min_samples_split': 5, 'n_estimators': 50}",-1.6899878083990216,-3.110505666909637,-5.901931965597954,-3.567475146968871,1.7496160007498334,15,1.0001660030150827
0.15955654780069986,0.01722157477893276,0.009432554244995117,0.001467357109015437,True,,4,5,100,"{'bootstrap': True, 'max_depth': None, 'min_samples_leaf': 4, 'min_samples_split': 5, 'n_estimators': 100}",-1.636684617649128,-3.1045740736507157,-5.728160898960508,-3.4898065300867835,1.692404123183393,3,1.0001660030150827
0.02060834566752116,0.005175401287096289,0.0020163853963216147,0.00027245255236264945,True,,4,10,10,"{'bootstrap': True, 'max_depth': None, 'min_samples_leaf': 4, 'min_samples_split': 10, 'n_estimators': 10}",-1.4298534757980386,-3.3746717001986624,-5.709316493354173,-3.504613889783625,1.7494979582979922,5,1.0001660030150827
0.08018032709757487,0.005201238151390976,0.0056947072347005205,5.784172095959562e-05,True,,4,10,50,"{'bootstrap': True, 'max_depth': None, 'min_samples_leaf': 4, 'min_samples_split': 10, 'n_estimators': 50}",-1.7383002133274987,-3.0590556932971142,-5.7007900161075495,-3.4993819742440544,1.6473709933412883,4,1.0001660030150827
0.1531991958618164,0.0019095747890642734,0.009579181671142578,0.0012178290483924729,True,,4,10,100,"{'bootstrap': True, 'max_depth': None, 'min_samples_leaf': 4, 'min_samples_split': 10, 'n_estimators': 100}",-1.6053874052021786,-3.2001776202982017,-5.899237384581554,-3.5682674700273114,1.7721746555121223,16,1.0001660030150827
0.023940404256184895,0.0015400525078922314,0.0018517176310221355,3.0354679309654746e-05,True,10,1,2,10,"{'bootstrap': True, 'max_depth': 10, 'min_samples_leaf': 1, 'min_samples_split': 2, 'n_estimators': 10}",-2.5984364621056657,-5.864065670787006,-6.182965892002599,-4.881822674965091,1.6198382194075673,107,1.0001660030150827
0.10853981971740723,0.0031471613860222466,0.007027943929036458,0.002175404824012452,True,10,1,2,50,"{'bootstrap': True, 'max_depth': 10, 'min_samples_leaf': 1, 'min_samples_split': 2, 'n_estimators': 50}",-1.9488702554581927,-4.839276086224603,-6.63838828913218,-4.475511543604992,1.931689817903628,94,1.0001660030150827
0.205140749613444,0.008060738797435334,0.009250005086263021,0.0024122119368526294,True,10,1,2,100,"{'bootstrap': True, 'max_depth': 10, 'min_samples_leaf': 1, 'min_samples_split': 2, 'n_estimators': 100}",-1.8513536897512672,-5.344134667209096,-6.762286113270972,-4.6525914900771115,2.063651826491512,101,1.0001660030150827
0.02075680096944173,0.001574193189131642,0.002651770909627279,0.0011455054848997696,True,10,1,5,10,"{'bootstrap': True, 'max_depth': 10, 'min_samples_leaf': 1, 'min_samples_split': 5, 'n_estimators': 10}",-1.9806893192667416,-3.5403646424678588,-7.311494728872845,-4.277516230202482,2.2378435939159798,75,1.0001660030150827
0.08183423678080241,0.010019591851274193,0.00425267219543457,0.001161482383270684,True,10,1,5,50,"{'bootstrap': True, 'max_depth': 10, 'min_samples_leaf': 1, 'min_samples_split': 5, 'n_estimators': 50}",-2.0147773434106937,-5.588214070897604,-6.665187609157798,-4.756059674488699,1.9876182756486074,105,1.0001660030150827
0.19071698188781738,0.0039802024948773895,0.008790413538614908,0.001977092689128284,True,10,1,5,100,"{'bootstrap': True, 'max_depth': 10, 'min_samples_leaf': 1, 'min_samples_split': 5, 'n_estimators': 100}",-1.7881334997932476,-4.990347093587556,-6.783022261857927,-4.520500951746244,2.0660421073641233,96,1.0001660030150827
0.014736255009969076,0.0035487779625069846,0.0014243125915527344,0.0002457692757407514,True,10,1,10,10,"{'bootstrap': True, 'max_depth': 10, 'min_samples_leaf': 1, 'min_samples_split': 10, 'n_estimators': 10}",-2.0962054778600083,-4.583570892652742,-6.45686411225481,-4.37888016092252,1.7861055685807365,88,1.0001660030150827
0.08571362495422363,0.0036028995956017312,0.005711873372395833,6.893673934183936e-05,True,10,1,10,50,"{'bootstrap': True, 'max_depth': 10, 'min_samples_leaf': 1, 'min_samples_split': 10, 'n_estimators': 50}",-1.7730367687980195,-4.370645252010218,-6.418663117550287,-4.187448379452841,1.9009877894823408,46,1.0001660030150827
0.16442179679870605,0.00952706468926678,0.010550340016682943,0.0002541852420769033,True,10,1,10,100,"{'bootstrap': True, 'max_depth': 10, 'min_samples_leaf': 1, 'min_samples_split': 10, 'n_estimators': 100}",-1.6832985005417618,-4.29049976385165,-6.534673692686934,-4.169490652360115,1.9824131284099826,44,1.0001660030150827
0.01485117276509603,0.003137121196762042,0.0016005833943684895,0.00033615454583977845,True,10,2,2,10,"{'bootstrap': True, 'max_depth': 10, 'min_samples_leaf': 2, 'min_samples_split': 2, 'n_estimators': 10}",-2.4308594156669407,-5.615388599170522,-6.411989452839554,-4.819412489225672,1.7199869319119268,106,1.0001660030150827
0.07932130495707194,0.009978492732454708,0.004497369130452474,0.000767395332399605,True,10,2,2,50,"{'bootstrap': True, 'max_depth': 10, 'min_samples_leaf': 2, 'min_samples_split': 2, 'n_estimators': 50}",-1.921787518450491,-4.846833028058695,-6.191825467488219,-4.320148671332468,1.782573669402506,84,1.0001660030150827
0.17182326316833496,0.010283437614326938,0.007483561833699544,0.001919648894476216,True,10,2,2,100,"{'bootstrap': True, 'max_depth': 10, 'min_samples_leaf': 2, 'min_samples_split': 2, 'n_estimators': 100}",-1.7134867494180785,-4.692809122048834,-6.269652391381645,-4.225316087616186,1.8891927098074817,50,1.0001660030150827
0.02027289072672526,0.0005113177317660068,0.0017958482106526692,3.534836304069208e-05,True,10,2,5,10,"{'bootstrap': True, 'max_depth': 10, 'min_samples_leaf': 2, 'min_samples_split': 5, 'n_estimators': 10}",-2.012876170301218,-2.8349051463809523,-6.72657856988202,-3.858119962188063,2.0558816433862526,30,1.0001660030150827
0.0855262279510498,0.004552855898301043,0.005562543869018555,0.0001848656931295524,True,10,2,5,50,"{'bootstrap': True, 'max_depth': 10, 'min_samples_leaf': 2, 'min_samples_split': 5, 'n_estimators': 50}",-1.7645883402643203,-4.7851087255751725,-6.188020558647827,-4.2459058748291065,1.8456693335748273,55,1.0001660030150827
0.16500361760457358,0.008057897326419743,0.008841435114542643,0.001959796759458831,True,10,2,5,100,"{'bootstrap': True, 'max_depth': 10, 'min_samples_leaf': 2, 'min_samples_split': 5, 'n_estimators': 100}",-1.8265408953364126,-4.551866796152564,-6.10576573262177,-4.161391141370249,1.7686708247990885,42,1.0001660030150827
0.01709262530008952,0.0024617506221921034,0.0015530586242675781,0.0002957997346799244,True,10,2,10,10,"{'bootstrap': True, 'max_depth': 10, 'min_samples_leaf': 2, 'min_samples_split': 10, 'n_estimators': 10}",-1.8973994920252428,-4.562886855701081,-6.4994584423351816,-4.319914930020502,1.8866218775072816,83,1.0001660030150827
0.0807963212331136,0.007222323875824016,0.005501906077067058,0.0001796487113729421,True,10,2,10,50,"{'bootstrap': True, 'max_depth': 10, 'min_samples_leaf': 2, 'min_samples_split': 10, 'n_estimators': 50}",-1.8794418449560546,-3.9161457419071226,-6.122629454718587,-3.972739013860588,1.7327362506997168,35,1.0001660030150827
0.15857776006062826,0.006790366325770975,0.00882863998413086,0.0021242720864302,True,10,2,10,100,"{'bootstrap': True, 'max_depth': 10, 'min_samples_leaf': 2, 'min_samples_split': 10, 'n_estimators': 100}",-1.663722688478682,-3.738001147267703,-6.081737937470847,-3.827820591072411,1.804765051088528,27,1.0001660030150827
0.016387542088826496,0.003089591938960209,0.0016110738118489583,0.00027396735071676104,True,10,4,2,10,"{'bootstrap': True, 'max_depth': 10, 'min_samples_leaf': 4, 'min_samples_split': 2, 'n_estimators': 10}",-1.8051960020969389,-3.3423304177425663,-5.565280451727851,-3.5709356238557852,1.5435357726738095,17,1.0001660030150827
0.0768891970316569,0.011541150044628018,0.005632718404134114,0.00013732252465794076,True,10,4,2,50,"{'bootstrap': True, 'max_depth': 10, 'min_samples_leaf': 4, 'min_samples_split': 2, 'n_estimators': 50}",-1.7105309368598298,-3.130418437812624,-5.822643182027892,-3.5545308522334484,1.705338731604306,13,1.0001660030150827
0.14612555503845215,0.01593991489862215,0.008520762125651041,0.0018733967519477107,True,10,4,2,100,"{'bootstrap': True, 'max_depth': 10, 'min_samples_leaf': 4, 'min_samples_split': 2, 'n_estimators': 100}",-1.6596775149483347,-3.2063263432463533,-5.569085282457685,-3.4783630468841245,1.607559278173009,1,1.0001660030150827
0.019101460774739582,0.0005646847730982942,0.0018266042073567708,7.191797629254996e-05,True,10,4,5,10,"{'bootstrap': True, 'max_depth': 10, 'min_samples_leaf': 4, 'min_samples_split': 5, 'n_estimators': 10}",-1.6304359939929534,-3.238719215639168,-6.042384878672499,-3.6371800294348735,1.8230746017564803,21,1.0001660030150827
0.08084305127461751,0.0036071176159950444,0.005536397298177083,0.00010659600788606385,True,10,4,5,50,"{'bootstrap': True, 'max_depth': 10, 'min_samples_leaf': 4, 'min_samples_split': 5, 'n_estimators': 50}",-1.6578206950295262,-3.224419760680007,-5.751743022997847,-3.544661159569127,1.6866072299207135,9,1.0001660030150827
0.15984137852986655,0.007624470195277824,0.009394089380900065,0.0013557788073394112,True,10,4,5,100,"{'bootstrap': True, 'max_depth': 10, 'min_samples_leaf': 4, 'min_samples_split': 5, 'n_estimators': 100}",-1.7526632025144764,-3.099360215946667,-5.8362774471033445,-3.562766955188163,1.6990263249153623,14,1.0001660030150827
0.017765919367472332,0.00034613004275595654,0.0017880598704020183,4.267640767650373e-05,True,10,4,10,10,"{'bootstrap': True, 'max_depth': 10, 'min_samples_leaf': 4, 'min_samples_split': 10, 'n_estimators': 10}",-1.844214808232702,-3.5750244964771407,-6.252717855634972,-3.8906523867816047,1.8135490993431107,31,1.0001660030150827
0.07896081606547038,0.0021022046890105664,0.004376570383707683,0.0009299540915637794,True,10,4,10,50,"{'bootstrap': True, 'max_depth': 10, 'min_samples_leaf': 4, 'min_samples_split': 10, 'n_estimators': 50}",-1.736260067376809,-3.315509495361205,-5.898911715792692,-3.6502270928435685,1.7157979852074936,22,1.0001660030150827
0.1480844815572103,0.015777418121595582,0.01016847292582194,0.0002428774588815052,True,10,4,10,100,"{'bootstrap': True, 'max_depth': 10, 'min_samples_leaf': 4, 'min_samples_split': 10, 'n_estimators': 100}",-1.6897236280356713,-2.998976855834549,-5.966285410670132,-3.5516619648467844,1.7891042064797507,11,1.0001660030150827
0.021929264068603516,0.002563588947018613,0.0018225510915120442,1.2860368779441569e-05,True,50,1,2,10,"{'bootstrap': True, 'max_depth': 50, 'min_samples_leaf': 1, 'min_samples_split': 2, 'n_estimators': 10}",-2.0192685698603188,-6.15760862918158,-6.591518341828077,-4.9227985136233245,2.0607335280474843,108,1.0001660030150827
0.09406932195027669,0.0048107910591219044,0.005288839340209961,0.0006114402699717667,True,50,1,2,50,"{'bootstrap': True, 'max_depth': 50, 'min_samples_leaf': 1, 'min_samples_split': 2, 'n_estimators': 50}",-2.1911773511462287,-4.915152042840458,-6.565462590603045,-4.557263994863244,1.8036362771165273,98,1.0001660030150827
0.19664883613586426,0.01206067748876466,0.007473866144816081,0.0018457086113249832,True,50,1,2,100,"{'bootstrap': True, 'max_depth': 50, 'min_samples_leaf': 1, 'min_samples_split': 2, 'n_estimators': 100}",-1.9779440001544228,-5.460563526094094,-6.801829703128217,-4.746779076458911,2.0329919657562994,104,1.0001660030150827
0.020905256271362305,0.00565690882938782,0.001625378926595052,0.0003192322587490817,True,50,1,5,10,"{'bootstrap': True, 'max_depth': 50, 'min_samples_leaf': 1, 'min_samples_split': 5, 'n_estimators': 10}",-2.1625921576972984,-5.170013665595941,-6.7279726552583154,-4.686859492850519,1.894862042094992,102,1.0001660030150827
0.0963285764058431,0.0065671156498955715,0.005609750747680664,0.00014714386559951662,True,50,1,5,50,"{'bootstrap': True, 'max_depth': 50, 'min_samples_leaf': 1, 'min_samples_split': 5, 'n_estimators': 50}",-1.9102852847114244,-5.028860959987983,-6.80267553497345,-4.580607259890953,2.022303822369056,100,1.0001660030150827
0.17678395907084146,0.01341027059273199,0.006459474563598633,0.0007958822142667703,True,50,1,5,100,"{'bootstrap': True, 'max_depth': 50, 'min_samples_leaf': 1, 'min_samples_split': 5, 'n_estimators': 100}",-1.922480283052017,-4.7033359901719125,-6.655176164480493,-4.4269974792348075,1.9419706152930873,91,1.0001660030150827
0.018845160802205402,0.0006403791466184589,0.0017851988474527996,7.847058572093589e-05,True,50,1,10,10,"{'bootstrap': True, 'max_depth': 50, 'min_samples_leaf': 1, 'min_samples_split': 10, 'n_estimators': 10}",-1.7823000811111793,-4.219504801503792,-6.74891772792503,-4.250240870180001,2.02772964040228,57,1.0001660030150827
0.07810211181640625,0.0020553805694348525,0.003854513168334961,0.0006850699997150734,True,50,1,10,50,"{'bootstrap': True, 'max_depth': 50, 'min_samples_leaf': 1, 'min_samples_split': 10, 'n_estimators': 50}",-1.7587204366807316,-4.568502548169447,-6.673522235308906,-4.333581740053028,2.013323954643868,87,1.0001660030150827
0.15337292353312174,0.018274207536707717,0.0076796213785807295,0.0022124439920044978,True,50,1,10,100,"{'bootstrap': True, 'max_depth': 50, 'min_samples_leaf': 1, 'min_samples_split': 10, 'n_estimators': 100}",-1.8544094099244024,-4.855801101104713,-6.752509571735019,-4.487573360921378,2.0165217661876254,95,1.0001660030150827
0.01967612902323405,0.00034810779987385634,0.0018249352773030598,4.9364482199463244e-05,True,50,2,2,10,"{'bootstrap': True, 'max_depth': 50, 'min_samples_leaf': 2, 'min_samples_split': 2, 'n_estimators': 10}",-1.9754892739064551,-4.797772739042914,-6.597586667341155,-4.456949560096842,1.9022909710975942,92,1.0001660030150827
0.07809853553771973,0.004415880034978156,0.004002809524536133,0.001084356232818173,True,50,2,2,50,"{'bootstrap': True, 'max_depth': 50, 'min_samples_leaf': 2, 'min_samples_split': 2, 'n_estimators': 50}",-1.7416865336865062,-4.613662329989349,-5.84812573788452,-4.0678248671867925,1.7203031973642813,40,1.0001660030150827
0.13719304402669272,0.006199307015584899,0.005875428517659505,0.00010033850614592876,True,50,2,2,100,"{'bootstrap': True, 'max_depth': 50, 'min_samples_leaf': 2, 'min_samples_split': 2, 'n_estimators': 100}",-1.8101934455305695,-4.448289839164411,-6.037156678882387,-4.09854665452579,1.7432813437935344,41,1.0001660030150827
0.02057790756225586,0.004335366367418477,0.0018500487009684246,1.6116735415467262e-05,True,50,2,5,10,"{'bootstrap': True, 'max_depth': 50, 'min_samples_leaf': 2, 'min_samples_split': 5, 'n_estimators': 10}",-2.051043407072859,-4.287159761494007,-5.692229218997164,-4.01014412918801,1.4993580347704665,36,1.0001660030150827
0.07149751981099446,0.006834474890833377,0.0034820238749186196,0.00047244795001418486,True,50,2,5,50,"{'bootstrap': True, 'max_depth': 50, 'min_samples_leaf': 2, 'min_samples_split': 5, 'n_estimators': 50}",-1.8005647122628998,-4.159288783617469,-6.092085232852863,-4.017312909577744,1.7548798546278876,37,1.0001660030150827
0.11646850903828938,0.004288224128304065,0.007271289825439453,0.0010802996196916865,True,50,2,5,100,"{'bootstrap': True, 'max_depth': 50, 'min_samples_leaf': 2, 'min_samples_split': 5, 'n_estimators': 100}",-1.7589012347102653,-4.83657602714711,-6.267804488627054,-4.287760583494809,1.8812143120316027,79,1.0001660030150827
0.01609627405802409,0.003344539364671875,0.0014905929565429688,0.0002804459956452921,True,50,2,10,10,"{'bootstrap': True, 'max_depth': 50, 'min_samples_leaf': 2, 'min_samples_split': 10, 'n_estimators': 10}",-1.833334936775863,-3.3837404818573265,-6.299286927799724,-3.838787448810971,1.8513927375776287,28,1.0001660030150827
0.057495435078938804,0.0038723060716433027,0.004224856694539388,0.001025090495145373,True,50,2,10,50,"{'bootstrap': True, 'max_depth': 50, 'min_samples_leaf': 2, 'min_samples_split': 10, 'n_estimators': 50}",-1.6405536829741951,-3.9602961518403457,-5.959684199283909,-3.853511344699483,1.7648936418391783,29,1.0001660030150827
0.11554209391276042,0.019312331283569364,0.008913596471150717,0.002091931045661721,True,50,2,10,100,"{'bootstrap': True, 'max_depth': 50, 'min_samples_leaf': 2, 'min_samples_split': 10, 'n_estimators': 100}",-1.7746913497438526,-4.084627336246617,-6.04065501117043,-3.966657899053633,1.7435689607309746,34,1.0001660030150827
0.025603612263997395,0.008569331163018508,0.001760721206665039,0.00016302403909690803,True,50,4,2,10,"{'bootstrap': True, 'max_depth': 50, 'min_samples_leaf': 4, 'min_samples_split': 2, 'n_estimators': 10}",-1.657110572781499,-3.5992050112085696,-5.839393477786459,-3.6985696872588427,1.708854895050896,23,1.0001660030150827
0.08164834976196289,0.002815460083211324,0.005217552185058594,0.0006683442497170402,True,50,4,2,50,"{'bootstrap': True, 'max_depth': 50, 'min_samples_leaf': 4, 'min_samples_split': 2, 'n_estimators': 50}",-1.6389380542332077,-3.2881809723154656,-5.695129818919849,-3.5407496151561744,1.6655361694236746,8,1.0001660030150827
0.13799381256103516,0.008841344832653053,0.010117451349894205,0.00043121277950817696,True,50,4,2,100,"{'bootstrap': True, 'max_depth': 50, 'min_samples_leaf': 4, 'min_samples_split': 2, 'n_estimators': 100}",-1.7540531078932615,-3.185767382272631,-5.8387586978112,-3.592859729325698,1.692236798510302,19,1.0001660030150827
0.01481302579243978,0.003172627890908712,0.001409292221069336,0.0002676559078351367,True,50,4,5,10,"{'bootstrap': True, 'max_depth': 50, 'min_samples_leaf': 4, 'min_samples_split': 5, 'n_estimators': 10}",-1.7443203784960184,-3.0220339577374378,-5.689501689792891,-3.485285342008782,1.6435865819448061,2,1.0001660030150827
0.07345493634541829,0.019431970956099665,0.004804213841756185,0.0011230509932828774,True,50,4,5,50,"{'bootstrap': True, 'max_depth': 50, 'min_samples_leaf': 4, 'min_samples_split': 5, 'n_estimators': 50}",-1.6682817027111785,-3.224704939224352,-5.966333926223606,-3.6197735227197128,1.776770969719846,20,1.0001660030150827
0.15824484825134277,0.022699440240476917,0.01010584831237793,0.00011991308990532505,True,50,4,5,100,"{'bootstrap': True, 'max_depth': 50, 'min_samples_leaf': 4, 'min_samples_split': 5, 'n_estimators': 100}",-1.5849359435573132,-3.236557195727672,-5.896725505259813,-3.5727395481815996,1.7762594098606488,18,1.0001660030150827
0.01748832066853841,0.0009010506592217983,0.0018085638682047527,2.3364480113999632e-05,True,50,4,10,10,"{'bootstrap': True, 'max_depth': 50, 'min_samples_leaf': 4, 'min_samples_split': 10, 'n_estimators': 10}",-1.959145338499914,-3.6067849022928686,-5.803182392872034,-3.7897042112216055,1.5746427793906563,26,1.0001660030150827
0.0657953421274821,0.012546740703019718,0.004728078842163086,0.0009184292369567551,True,50,4,10,50,"{'bootstrap': True, 'max_depth': 50, 'min_samples_leaf': 4, 'min_samples_split': 10, 'n_estimators': 50}",-1.6644006859804203,-3.100027404479796,-5.848501372194349,-3.537643154218189,1.735954165371941,7,1.0001660030150827
0.16379785537719727,0.0031996574429726883,0.010692516962687174,0.00015072333221902094,True,50,4,10,100,"{'bootstrap': True, 'max_depth': 50, 'min_samples_leaf': 4, 'min_samples_split': 10, 'n_estimators': 100}",-1.727841693299262,-3.0582509730844847,-5.875691320533233,-3.5539279956389933,1.7292456766950197,12,1.0001660030150827
0.02469015121459961,0.0006646970022708322,0.0018600622812906902,1.6484058178298215e-05,False,,1,2,10,"{'bootstrap': False, 'max_depth': None, 'min_samples_leaf': 1, 'min_samples_split': 2, 'n_estimators': 10}",-2.759776467487441,-7.463759050939321,-8.556060672234258,-6.2598653968870055,2.5147892679440607,161,1.0001660030150827
0.10201493899027507,0.012674490021247452,0.005507707595825195,0.0001522014612331543,False,,1,2,50,"{'bootstrap': False, 'max_depth': None, 'min_samples_leaf': 1, 'min_samples_split': 2, 'n_estimators': 50}",-2.6979703331543115,-7.052570649902581,-8.218455441089828,-5.989665474715573,2.3757475336286533,144,1.0001660030150827
0.20964964230855307,0.0027701633422590384,0.010152498881022135,0.000490673287760003,False,,1,2,100,"{'bootstrap': False, 'max_depth': None, 'min_samples_leaf': 1, 'min_samples_split': 2, 'n_estimators': 100}",-2.675028874023232,-7.021794456222384,-8.40645473911926,-6.034426023121625,2.441786631244401,149,1.0001660030150827
0.019157886505126953,0.00048063273587371655,0.001865069071451823,4.9931603049630774e-05,False,,1,5,10,"{'bootstrap': False, 'max_depth': None, 'min_samples_leaf': 1, 'min_samples_split': 5, 'n_estimators': 10}",-2.719668348657924,-7.209580081000998,-7.5689655523493435,-5.8327379940027555,2.2061567550576293,118,1.0001660030150827
0.08081984519958496,0.008593317767350324,0.005706071853637695,0.00020244334810207653,False,,1,5,50,"{'bootstrap': False, 'max_depth': None, 'min_samples_leaf': 1, 'min_samples_split': 5, 'n_estimators': 50}",-2.777512158853854,-7.179898720736348,-7.545295041898254,-5.834235307162818,2.1665711653725364,120,1.0001660030150827
0.16564098993937174,0.015413774164756025,0.010380188624064127,0.0003656863478855907,False,,1,5,100,"{'bootstrap': False, 'max_depth': None, 'min_samples_leaf': 1, 'min_samples_split': 5, 'n_estimators': 100}",-2.741265627517939,-7.072552025974769,-7.667949420339994,-5.827255691277567,2.1956207200579354,117,1.0001660030150827
0.015810171763102215,0.0008892557529084215,0.0017884572347005208,6.562774248244189e-05,False,,1,10,10,"{'bootstrap': False, 'max_depth': None, 'min_samples_leaf': 1, 'min_samples_split': 10, 'n_estimators': 10}",-3.1252407496893126,-6.933306684848332,-7.804121899921635,-5.954223111486427,2.031737464539513,141,1.0001660030150827
0.06878113746643066,0.00653204085062803,0.005618572235107422,0.00020178673970385448,False,,1,10,50,"{'bootstrap': False, 'max_depth': None, 'min_samples_leaf': 1, 'min_samples_split': 10, 'n_estimators': 50}",-3.1252407496893118,-6.915226982874017,-7.611333418718648,-5.883933717093992,1.9712823590769726,128,1.0001660030150827
0.1471125284830729,0.009997988294123482,0.010874589284261068,3.062067729776073e-05,False,,1,10,100,"{'bootstrap': False, 'max_depth': None, 'min_samples_leaf': 1, 'min_samples_split': 10, 'n_estimators': 100}",-3.125240749689315,-6.976940502697989,-7.440385776742186,-5.847522343043163,1.9342195989844502,123,1.0001660030150827
0.01632833480834961,0.003235236421355536,0.0018846988677978516,6.863060085446049e-05,False,,2,2,10,"{'bootstrap': False, 'max_depth': None, 'min_samples_leaf': 2, 'min_samples_split': 2, 'n_estimators': 10}",-1.79421119151948,-8.385750078134407,-7.434983021833383,-5.871648097162423,2.909193277463835,126,1.0001660030150827
0.08759005864461263,0.0058356585398409355,0.005711078643798828,0.0003975462338067353,False,,2,2,50,"{'bootstrap': False, 'max_depth': None, 'min_samples_leaf': 2, 'min_samples_split': 2, 'n_estimators': 50}",-1.8209526876615942,-8.122375446879293,-7.566532923997406,-5.836620352846097,2.8485587379664117,121,1.0001660030150827
0.1575174331665039,0.006257105377974734,0.01047046979268392,0.00014408392203904045,False,,2,2,100,"{'bootstrap': False, 'max_depth': None, 'min_samples_leaf': 2, 'min_samples_split': 2, 'n_estimators': 100}",-1.8088551691495305,-8.14320565942923,-7.7661078319068375,-5.906056220161866,2.9012460578393973,131,1.0001660030150827
0.016482432683308918,0.00024400929906621694,0.0018356641133626301,8.689113425316244e-06,False,,2,5,10,"{'bootstrap': False, 'max_depth': None, 'min_samples_leaf': 2, 'min_samples_split': 5, 'n_estimators': 10}",-1.841713620200218,-7.956434096118557,-7.563071254235136,-5.787072990184637,2.7944085838314745,112,1.0001660030150827
0.08285061518351237,0.004784133056202328,0.005683342615763347,0.0003692235506649477,False,,2,5,50,"{'bootstrap': False, 'max_depth': None, 'min_samples_leaf': 2, 'min_samples_split': 5, 'n_estimators': 50}",-1.8121764158151477,-8.204065382478475,-7.6902893501811205,-5.9021770494915815,2.8996632379693135,130,1.0001660030150827
0.14491510391235352,0.01879184060482162,0.010395447413126627,0.00025536520725970285,False,,2,5,100,"{'bootstrap': False, 'max_depth': None, 'min_samples_leaf': 2, 'min_samples_split': 5, 'n_estimators': 100}",-1.8525539634448942,-8.233390017402703,-7.744279465183342,-5.9434078153436465,2.8995541279386647,140,1.0001660030150827
0.014228105545043945,0.003412698095858491,0.0018085638682047527,8.22117444508148e-05,False,,2,10,10,"{'bootstrap': False, 'max_depth': None, 'min_samples_leaf': 2, 'min_samples_split': 10, 'n_estimators': 10}",-3.1252407496893126,-7.985742156770704,-6.97200553347525,-6.027662813311756,2.093634138988056,147,1.0001660030150827
0.07138872146606445,0.0018719087411261295,0.005451122919718425,0.0005332744599975764,False,,2,10,50,"{'bootstrap': False, 'max_depth': None, 'min_samples_leaf': 2, 'min_samples_split': 10, 'n_estimators': 50}",-3.1252407496893118,-7.903251536581208,-7.176588902269395,-6.068360396179972,2.102137735131506,151,1.0001660030150827
0.13926045099894205,0.008034763093866448,0.00935824712117513,0.0008587936798757223,False,,2,10,100,"{'bootstrap': False, 'max_depth': None, 'min_samples_leaf': 2, 'min_samples_split': 10, 'n_estimators': 100}",-3.125240749689315,-7.935170862038664,-7.4019489339809565,-6.154120181902979,2.152775629631913,158,1.0001660030150827
0.014112313588460287,0.00015414879229665122,0.0017121632893880208,1.5364387478630796e-05,False,,4,2,10,"{'bootstrap': False, 'max_depth': None, 'min_samples_leaf': 4, 'min_samples_split': 2, 'n_estimators': 10}",-2.7214886676413985,-4.499800877717983,-5.6874857253743185,-4.302925090244567,1.2188395282371514,81,1.0001660030150827
0.0671237309773763,0.00020071977973005624,0.005658388137817383,0.00022940831760722737,False,,4,2,50,"{'bootstrap': False, 'max_depth': None, 'min_samples_leaf': 4, 'min_samples_split': 2, 'n_estimators': 50}",-2.624996368308309,-4.484019426851103,-5.6433143678961555,-4.250776721018522,1.243211568620314,60,1.0001660030150827
0.13322202364603677,0.003147993553994723,0.009235620498657227,0.001352539052099671,False,,4,2,100,"{'bootstrap': False, 'max_depth': None, 'min_samples_leaf': 4, 'min_samples_split': 2, 'n_estimators': 100}",-2.6259999653993007,-4.484309263324277,-5.693554732588718,-4.267954653770765,1.2616338745803448,72,1.0001660030150827
0.014202197392781576,5.3713659338850016e-05,0.001783132553100586,1.4472354704601135e-05,False,,4,5,10,"{'bootstrap': False, 'max_depth': None, 'min_samples_leaf': 4, 'min_samples_split': 5, 'n_estimators': 10}",-2.55420473880802,-4.485589923828601,-5.65896598106776,-4.232920214568128,1.280043509506061,51,1.0001660030150827
0.05798665682474772,0.005956893907896739,0.004702647527058919,0.0010049083821260197,False,,4,5,50,"{'bootstrap': False, 'max_depth': None, 'min_samples_leaf': 4, 'min_samples_split': 5, 'n_estimators': 50}",-2.651808024736301,-4.4857359761085975,-5.628757929783799,-4.255433976876232,1.2261965428180468,68,1.0001660030150827
0.13316996892293295,0.006482546403605338,0.010229984919230143,0.0005433182730977514,False,,4,5,100,"{'bootstrap': False, 'max_depth': None, 'min_samples_leaf': 4, 'min_samples_split': 5, 'n_estimators': 100}",-2.59825502412356,-4.484309263324277,-5.6264383321180595,-4.236334206521966,1.2486238446922835,52,1.0001660030150827
0.014700571695963541,0.0002982554696400861,0.0020324389139811196,0.0003322831068491192,False,,4,10,10,"{'bootstrap': False, 'max_depth': None, 'min_samples_leaf': 4, 'min_samples_split': 10, 'n_estimators': 10}",-2.520400127397711,-4.4871514541021496,-5.65896598106776,-4.222172520855874,1.2949412549749508,49,1.0001660030150827
0.0633549690246582,0.0069253830516255695,0.0056438446044921875,0.00022154102742793531,False,,4,10,50,"{'bootstrap': False, 'max_depth': None, 'min_samples_leaf': 4, 'min_samples_split': 10, 'n_estimators': 50}",-2.6501881622607155,-4.483963252897259,-5.664426557693684,-4.2661926576172196,1.2401549097463713,71,1.0001660030150827
0.1309018929799398,0.007532550073284855,0.009782632191975912,0.0013887549170309987,False,,4,10,100,"{'bootstrap': False, 'max_depth': None, 'min_samples_leaf': 4, 'min_samples_split': 10, 'n_estimators': 100}",-2.6166735917257262,-4.484489006771164,-5.651003277599557,-4.250721958698816,1.2497398223142662,59,1.0001660030150827
0.021730661392211914,0.00036072192615626815,0.0019297599792480469,5.0220182234126786e-05,False,10,1,2,10,"{'bootstrap': False, 'max_depth': 10, 'min_samples_leaf': 1, 'min_samples_split': 2, 'n_estimators': 10}",-2.740851845775271,-7.377867418900856,-8.124727802969458,-6.081149022548527,2.381545580807041,152,1.0001660030150827
0.10404332478841145,0.001114410407444457,0.005687395731608073,0.00017565666686730454,False,10,1,2,50,"{'bootstrap': False, 'max_depth': 10, 'min_samples_leaf': 1, 'min_samples_split': 2, 'n_estimators': 50}",-2.7369783267878867,-7.003628062593787,-8.010244665206544,-5.9169503515294055,2.285823820094617,133,1.0001660030150827
0.20438456535339355,0.0028564965947467636,0.010477145512898764,0.00023217133277993315,False,10,1,2,100,"{'bootstrap': False, 'max_depth': 10, 'min_samples_leaf': 1, 'min_samples_split': 2, 'n_estimators': 100}",-2.7031308527006765,-6.908274138694858,-7.979502980733532,-5.863635990709689,2.277202575316171,125,1.0001660030150827
0.023660659790039062,0.004498001505423376,0.001920620600382487,6.964389481642118e-05,False,10,1,5,10,"{'bootstrap': False, 'max_depth': 10, 'min_samples_leaf': 1, 'min_samples_split': 5, 'n_estimators': 10}",-2.819101200971337,-7.701129259345528,-7.279526367800986,-5.933252276039283,2.208753787138774,136,1.0001660030150827
0.08068331082661946,0.005409284274691589,0.005602359771728516,0.00016940374076611876,False,10,1,5,50,"{'bootstrap': False, 'max_depth': 10, 'min_samples_leaf': 1, 'min_samples_split': 5, 'n_estimators': 50}",-2.736020081447967,-7.242883957445007,-7.323091242636625,-5.767331760509866,2.143711139412562,111,1.0001660030150827
0.16092093785603842,0.00577979096049345,0.010291020075480143,0.0004384088881324762,False,10,1,5,100,"{'bootstrap': False, 'max_depth': 10, 'min_samples_leaf': 1, 'min_samples_split': 5, 'n_estimators': 100}",-2.7439784585509863,-7.093359521147541,-7.315057686165297,-5.717465221954608,2.1045197659949992,109,1.0001660030150827
0.017446358998616535,0.0006252812986730439,0.001847664515177409,4.721463800061247e-05,False,10,1,10,10,"{'bootstrap': False, 'max_depth': 10, 'min_samples_leaf': 1, 'min_samples_split': 10, 'n_estimators': 10}",-3.1252407496893126,-6.883454631634806,-7.430745723095324,-5.813147034806481,1.9137244721358215,114,1.0001660030150827
0.07366704940795898,0.0073999749614857184,0.005723873774210612,0.0001709714834060871,False,10,1,10,50,"{'bootstrap': False, 'max_depth': 10, 'min_samples_leaf': 1, 'min_samples_split': 10, 'n_estimators': 50}",-3.1252407496893118,-6.919627177748861,-7.5775523616222,-5.874140096353457,1.9622354769431756,127,1.0001660030150827
0.14981889724731445,0.011299834279229991,0.009899377822875977,0.00024911657474077306,False,10,1,10,100,"{'bootstrap': False, 'max_depth': 10, 'min_samples_leaf': 1, 'min_samples_split': 10, 'n_estimators': 100}",-3.125240749689315,-6.941535298639864,-7.507958420361242,-5.858244822896807,1.9463114235790915,124,1.0001660030150827
0.017334779103597004,9.371787909734513e-05,0.0018815199534098308,4.5984647584741974e-05,False,10,2,2,10,"{'bootstrap': False, 'max_depth': 10, 'min_samples_leaf': 2, 'min_samples_split': 2, 'n_estimators': 10}",-1.8141856260064415,-8.031656964264231,-7.563071254235136,-5.802971281501936,2.826977348809836,113,1.0001660030150827
0.07987626393636067,0.0028659089827365977,0.004968484242757161,0.0010416474038758405,False,10,2,2,50,"{'bootstrap': False, 'max_depth': 10, 'min_samples_leaf': 2, 'min_samples_split': 2, 'n_estimators': 50}",-1.8148435772480884,-8.263560849010414,-7.575416161261191,-5.884606862506565,2.891437436794805,129,1.0001660030150827
0.16167314847310385,0.0010300316234317852,0.010231574376424154,0.00047730126577249783,False,10,2,2,100,"{'bootstrap': False, 'max_depth': 10, 'min_samples_leaf': 2, 'min_samples_split': 2, 'n_estimators': 100}",-1.8046227998697713,-8.174596512158876,-7.7665918457904235,-5.91527038593969,2.9114354574781434,132,1.0001660030150827
0.01531982421875,0.001407640305427474,0.0018958250681559246,0.00021257387083001904,False,10,2,5,10,"{'bootstrap': False, 'max_depth': 10, 'min_samples_leaf': 2, 'min_samples_split': 5, 'n_estimators': 10}",-1.8722591722677475,-8.39522678819519,-8.13475448988728,-6.13408015011674,3.015438054409536,156,1.0001660030150827
0.0812975565592448,0.0026294638871159617,0.005547920862833659,5.249770425378879e-05,False,10,2,5,50,"{'bootstrap': False, 'max_depth': 10, 'min_samples_leaf': 2, 'min_samples_split': 5, 'n_estimators': 50}",-1.8395915521890391,-8.27749299818498,-7.696121997859334,-5.937735516077784,2.907528850137545,139,1.0001660030150827
0.14820734659830728,0.013336573671702665,0.009286880493164062,0.0018492211723208475,False,10,2,5,100,"{'bootstrap': False, 'max_depth': 10, 'min_samples_leaf': 2, 'min_samples_split': 5, 'n_estimators': 100}",-1.8726252014601286,-8.16073965891197,-7.763877149692679,-5.932414003354926,2.8752726015456633,135,1.0001660030150827
0.015644391377766926,0.0007814891477305708,0.0018628438313802083,4.7162036812267786e-05,False,10,2,10,10,"{'bootstrap': False, 'max_depth': 10, 'min_samples_leaf': 2, 'min_samples_split': 10, 'n_estimators': 10}",-3.1252407496893126,-7.817342857599904,-7.213558279609263,-6.0520472956328275,2.0841923091353136,150,1.0001660030150827
0.07294321060180664,0.004611912154097748,0.005605220794677734,0.00011039595508608914,False,10,2,10,50,"{'bootstrap': False, 'max_depth': 10, 'min_samples_leaf': 2, 'min_samples_split': 10, 'n_estimators': 50}",-3.1252407496893118,-7.849920455472642,-7.439048160335315,-6.138069788499089,2.1369851229476606,157,1.0001660030150827
0.1448349952697754,0.007837545152619684,0.008787314097086588,0.001978986847338621,False,10,2,10,100,"{'bootstrap': False, 'max_depth': 10, 'min_samples_leaf': 2, 'min_samples_split': 10, 'n_estimators': 100}",-3.125240749689315,-7.874834734392515,-7.382787333725715,-6.127620939269182,2.1324856800163148,155,1.0001660030150827
0.015118916829427084,0.000579129683726553,0.0018548170725504558,3.5242069155583636e-05,False,10,4,2,10,"{'bootstrap': False, 'max_depth': 10, 'min_samples_leaf': 4, 'min_samples_split': 2, 'n_estimators': 10}",-2.520400127397711,-4.484309263324273,-5.633488389703557,-4.212732593475181,1.285339137590115,47,1.0001660030150827
0.07819279034932454,0.0051281337447098225,0.006639877955118815,0.0010535280850914948,False,10,4,2,50,"{'bootstrap': False, 'max_depth': 10, 'min_samples_leaf': 4, 'min_samples_split': 2, 'n_estimators': 50}",-2.610393221298435,-4.487998493940131,-5.6700088204373005,-4.256133511891956,1.2597970553621247,69,1.0001660030150827
0.13537168502807617,0.0005503123290306945,0.010396401087443033,0.00042521792980592234,False,10,4,2,100,"{'bootstrap': False, 'max_depth': 10, 'min_samples_leaf': 4, 'min_samples_split': 2, 'n_estimators': 100}",-2.59932904516117,-4.484691967024918,-5.675712769298617,-4.253244593828235,1.266546516964979,62,1.0001660030150827
0.01801888147989909,0.002598104337684219,0.0018316904703776042,3.208322397456916e-05,False,10,4,5,10,"{'bootstrap': False, 'max_depth': 10, 'min_samples_leaf': 4, 'min_samples_split': 5, 'n_estimators': 10}",-2.651642568706705,-4.4871514541021496,-5.591659665802216,-4.243484562870357,1.2125607333835293,54,1.0001660030150827
0.07328859965006511,0.007230038863894605,0.005608320236206055,0.0001661067561977027,False,10,4,5,50,"{'bootstrap': False, 'max_depth': 10, 'min_samples_leaf': 4, 'min_samples_split': 5, 'n_estimators': 50}",-2.5866802185216273,-4.483707120796393,-5.681538404277618,-4.2506419145318795,1.2741732849874479,58,1.0001660030150827
0.12726759910583496,0.005936135051167152,0.010324239730834961,0.0006811336596718938,False,10,4,5,100,"{'bootstrap': False, 'max_depth': 10, 'min_samples_leaf': 4, 'min_samples_split': 5, 'n_estimators': 100}",-2.6292220285121286,-4.484230619788895,-5.64331436789616,-4.252255672065728,1.241382949204032,61,1.0001660030150827
0.014614025751749674,0.00032228103494712614,0.0018281141916910808,1.0318013742521593e-05,False,10,4,10,10,"{'bootstrap': False, 'max_depth': 10, 'min_samples_leaf': 4, 'min_samples_split': 10, 'n_estimators': 10}",-2.569119042347053,-4.484309263324273,-5.591659665802216,-4.215029323824514,1.248551619403306,48,1.0001660030150827
0.06852086385091145,0.0007387614340254859,0.005669832229614258,0.0003751397964372348,False,10,4,10,50,"{'bootstrap': False, 'max_depth': 10, 'min_samples_leaf': 4, 'min_samples_split': 10, 'n_estimators': 50}",-2.6554702933671774,-4.484691967024915,-5.6874857253743185,-4.275882661922137,1.2465901195943787,74,1.0001660030150827
0.12320351600646973,0.011100890530293428,0.009676774342854818,0.0010088886504788744,False,10,4,10,100,"{'bootstrap': False, 'max_depth': 10, 'min_samples_leaf': 4, 'min_samples_split': 10, 'n_estimators': 100}",-2.6378265008811828,-4.484309263324277,-5.667202478300786,-4.263112747502082,1.246588846171999,70,1.0001660030150827
0.023070812225341797,0.0010369599974019077,0.0018583933512369792,4.8233020720050916e-05,False,50,1,2,10,"{'bootstrap': False, 'max_depth': 50, 'min_samples_leaf': 1, 'min_samples_split': 2, 'n_estimators': 10}",-2.9052072224134946,-6.8663428013174,-9.62567760895977,-6.465742544230221,2.758204848398694,162,1.0001660030150827
0.1042775313059489,0.006026000743289233,0.005757252375284831,0.00011593164528525183,False,50,1,2,50,"{'bootstrap': False, 'max_depth': 50, 'min_samples_leaf': 1, 'min_samples_split': 2, 'n_estimators': 50}",-2.708807288649099,-7.0986801989025246,-8.140507678399127,-5.982665055316917,2.3537147422088567,143,1.0001660030150827
0.2074152628580729,0.000885139163615465,0.010038614273071289,0.00016604217999594632,False,50,1,2,100,"{'bootstrap': False, 'max_depth': 50, 'min_samples_leaf': 1, 'min_samples_split': 2, 'n_estimators': 100}",-2.7129560744541403,-6.904131734633746,-8.40850811233039,-6.008531973806092,2.409896602586231,145,1.0001660030150827
0.01946282386779785,0.001419489532940457,0.0018347899119059246,7.74010983363562e-05,False,50,1,5,10,"{'bootstrap': False, 'max_depth': 50, 'min_samples_leaf': 1, 'min_samples_split': 5, 'n_estimators': 10}",-2.697073881462542,-7.002642108683255,-7.759391465231797,-5.819702485125865,2.2295402283088803,115,1.0001660030150827
0.08371869723002116,0.007124352074814356,0.0057913462320963545,0.0001732715760509969,False,50,1,5,50,"{'bootstrap': False, 'max_depth': 50, 'min_samples_leaf': 1, 'min_samples_split': 5, 'n_estimators': 50}",-2.8049938763838127,-6.921678553930093,-7.811762477013758,-5.846144969109221,2.1809038377274854,122,1.0001660030150827
0.15664776166280112,0.011672256849260758,0.008081833521525065,0.001491535227341189,False,50,1,5,100,"{'bootstrap': False, 'max_depth': 50, 'min_samples_leaf': 1, 'min_samples_split': 5, 'n_estimators': 100}",-2.741265627517939,-7.207212293969974,-7.5322251015843165,-5.8269010076907435,2.18590448187304,116,1.0001660030150827
0.01618369420369466,0.0012552143877633825,0.001821756362915039,8.953900653760313e-05,False,50,1,10,10,"{'bootstrap': False, 'max_depth': 50, 'min_samples_leaf': 1, 'min_samples_split': 10, 'n_estimators': 10}",-3.1252407496893126,-6.6745572714899195,-7.439896415725534,-5.746564812301589,1.8797058071849828,110,1.0001660030150827
0.07392064730326335,0.007197326364234452,0.004880666732788086,0.0009735659317525937,False,50,1,10,50,"{'bootstrap': False, 'max_depth': 50, 'min_samples_leaf': 1, 'min_samples_split': 10, 'n_estimators': 50}",-3.1252407496893118,-7.138868484539547,-7.538063162525866,-5.934057465584908,1.992808337556833,138,1.0001660030150827
0.12553071975708008,0.018844578060203683,0.008476336797078451,0.0020466242018468096,False,50,1,10,100,"{'bootstrap': False, 'max_depth': 50, 'min_samples_leaf': 1, 'min_samples_split': 10, 'n_estimators': 100}",-3.125240749689315,-7.029213598982629,-7.345855691620501,-5.833436680097481,1.919341805900665,119,1.0001660030150827
0.01737213134765625,0.00017413709576393887,0.0016810099283854167,0.000148484739697257,False,50,2,2,10,"{'bootstrap': False, 'max_depth': 50, 'min_samples_leaf': 2, 'min_samples_split': 2, 'n_estimators': 10}",-2.1222500711357513,-8.65832911338575,-7.722395909711369,-6.16765836474429,2.8859416645678073,159,1.0001660030150827
0.0779719352722168,0.002845758147751079,0.004797299702962239,0.0009479211751087865,False,50,2,2,50,"{'bootstrap': False, 'max_depth': 50, 'min_samples_leaf': 2, 'min_samples_split': 2, 'n_estimators': 50}",-1.9051059128143943,-8.302498585353923,-7.874711004475649,-6.027438500881321,2.9201563917670974,146,1.0001660030150827
0.15523370107014975,0.0035767981593471266,0.007280588150024414,0.002071369455341417,False,50,2,2,100,"{'bootstrap': False, 'max_depth': 50, 'min_samples_leaf': 2, 'min_samples_split': 2, 'n_estimators': 100}",-1.8552191918733483,-8.293306396631502,-7.748791359934224,-5.965772316146357,2.9150882658906814,142,1.0001660030150827
0.016133626302083332,0.00010952496158264447,0.0018094380696614583,5.4197577009464416e-05,False,50,2,5,10,"{'bootstrap': False, 'max_depth': 50, 'min_samples_leaf': 2, 'min_samples_split': 5, 'n_estimators': 10}",-1.8247567435870096,-8.693009682951415,-7.5677835190247,-6.028516648521041,3.0077933754104564,148,1.0001660030150827
0.07870944341023763,0.0020145650934836005,0.005753358205159505,0.00019206244002251873,False,50,2,5,50,"{'bootstrap': False, 'max_depth': 50, 'min_samples_leaf': 2, 'min_samples_split': 5, 'n_estimators': 50}",-1.81799354794083,-8.25354005128078,-7.7295618695907935,-5.933698489604134,2.9180939736804907,137,1.0001660030150827
0.13993374506632486,0.004985986792891682,0.008809566497802734,0.0021344783670816294,False,50,2,5,100,"{'bootstrap': False, 'max_depth': 50, 'min_samples_leaf': 2, 'min_samples_split': 5, 'n_estimators': 100}",-1.81183428540944,-8.154811898410822,-7.789267439956319,-5.918637874592193,2.907780651730796,134,1.0001660030150827
0.01717654863993327,0.00046449855779634734,0.0018455187479654949,3.584551954987628e-05,False,50,2,10,10,"{'bootstrap': False, 'max_depth': 50, 'min_samples_leaf': 2, 'min_samples_split': 10, 'n_estimators': 10}",-3.1252407496893126,-7.915598963971935,-7.557278166652037,-6.199372626771095,2.1786560913731146,160,1.0001660030150827
0.06751441955566406,0.0033323509926262607,0.0049508412679036455,0.0010135566355895216,False,50,2,10,50,"{'bootstrap': False, 'max_depth': 50, 'min_samples_leaf': 2, 'min_samples_split': 10, 'n_estimators': 50}",-3.1252407496893118,-7.928506795085681,-7.3070584792290765,-6.120268674668023,2.1329468982094495,153,1.0001660030150827
0.13126651446024576,0.00367431480337096,0.0052937666575113935,4.771403832059064e-05,False,50,2,10,100,"{'bootstrap': False, 'max_depth': 50, 'min_samples_leaf': 2, 'min_samples_split': 10, 'n_estimators': 100}",-3.125240749689315,-7.935170862038664,-7.300877092112575,-6.120429567946851,2.1336899477045232,154,1.0001660030150827
0.01533214251200358,0.0009761668082339922,0.0018702348073323567,3.6933766421527534e-05,False,50,4,2,10,"{'bootstrap': False, 'max_depth': 50, 'min_samples_leaf': 4, 'min_samples_split': 2, 'n_estimators': 10}",-2.708811240216441,-4.48378875323309,-5.6589659810677615,-4.283855324839098,1.2126646364058264,78,1.0001660030150827
0.05763888359069824,0.008846052918648099,0.005028088887532552,0.0010042561179266496,False,50,4,2,50,"{'bootstrap': False, 'max_depth': 50, 'min_samples_leaf': 4, 'min_samples_split': 2, 'n_estimators': 50}",-2.606730952667558,-4.484309263324275,-5.6700088204373005,-4.2536830121430445,1.261165908882839,64,1.0001660030150827
0.10626951853434245,0.010436904687512568,0.0067479610443115234,0.0016745659263644192,False,50,4,2,100,"{'bootstrap': False, 'max_depth': 50, 'min_samples_leaf': 4, 'min_samples_split': 2, 'n_estimators': 100}",-2.587354492081285,-4.484489006771164,-5.693554732588718,-4.255132743813722,1.2784295587557055,66,1.0001660030150827
0.013036568959554037,0.0019066247096078096,0.0017770926157633464,0.00014791079919369667,False,50,4,5,10,"{'bootstrap': False, 'max_depth': 50, 'min_samples_leaf': 4, 'min_samples_split': 5, 'n_estimators': 10}",-2.666784275746414,-4.485589923828601,-5.6874857253743185,-4.279953308316444,1.241739136634718,77,1.0001660030150827
0.06896503766377766,0.00026716404377916244,0.0054403940836588545,0.00023955593095361063,False,50,4,5,50,"{'bootstrap': False, 'max_depth': 50, 'min_samples_leaf': 4, 'min_samples_split': 5, 'n_estimators': 50}",-2.6332609133090785,-4.484309263324275,-5.648409886168995,-4.255326687600783,1.2415328152793697,67,1.0001660030150827
0.10710748036702473,0.011070137338978764,0.006095727284749349,0.0009955180324317165,False,50,4,5,100,"{'bootstrap': False, 'max_depth': 50, 'min_samples_leaf': 4, 'min_samples_split': 5, 'n_estimators': 100}",-2.571624450222151,-4.484309263324277,-5.653627090559535,-4.236520268035321,1.2703633622974135,53,1.0001660030150827
0.010886907577514648,0.0030772955664407856,0.0014025370279947917,0.00029111174284464375,False,50,4,10,10,"{'bootstrap': False, 'max_depth': 50, 'min_samples_leaf': 4, 'min_samples_split': 10, 'n_estimators': 10}",-2.7214886676413985,-4.484309263324273,-5.65896598106776,-4.288254637344477,1.2072065009764474,80,1.0001660030150827
0.06618642807006836,0.0014120170145523994,0.0042955875396728516,0.0009817973451776067,False,50,4,10,50,"{'bootstrap': False, 'max_depth': 50, 'min_samples_leaf': 4, 'min_samples_split': 10, 'n_estimators': 50}",-2.6084916630363786,-4.486397281491642,-5.6433143678961555,-4.246067770808058,1.25056145197858,56,1.0001660030150827
0.07430108388264973,0.001976244994604101,0.0052144527435302734,4.088907593901652e-05,False,50,4,10,100,"{'bootstrap': False, 'max_depth': 50, 'min_samples_leaf': 4, 'min_samples_split': 10, 'n_estimators': 100}",-2.59721621505926,-4.48390933382482,-5.67861037602341,-4.253245308302496,1.2685035575586983,63,1.0001660030150827
